step,system_total_stopped,system_total_waiting_time,system_mean_waiting_time,system_mean_speed,t_stopped,t_accumulated_waiting_time,t_average_speed,agents_total_stopped,agents_total_accumulated_waiting_time,TimeLimit.truncated,episode,terminal_observation
0.0,0,0.0,0.0,0.0,0,0.0,1.0,0,0.0,,,
5.0,0,0.0,0.0,0.0,0,0.0,1.0,0,0.0,False,,
10.0,0,0.0,0.0,0.0,0,0.0,1.0,0,0.0,False,,
15.0,0,0.0,0.0,0.0,0,0.0,1.0,0,0.0,False,,
20.0,0,0.0,0.0,0.0,0,0.0,1.0,0,0.0,False,,
25.0,0,0.0,0.0,0.0,0,0.0,1.0,0,0.0,False,,
30.0,0,0.0,0.0,0.0,0,0.0,1.0,0,0.0,False,,
35.0,0,0.0,0.0,0.0,0,0.0,1.0,0,0.0,False,,
40.0,0,0.0,0.0,0.0,0,0.0,1.0,0,0.0,False,,
45.0,0,0.0,0.0,0.0,0,0.0,1.0,0,0.0,False,,
50.0,0,0.0,0.0,0.0,0,0.0,1.0,0,0.0,False,,
55.0,0,0.0,0.0,10.0,0,0.0,0.8779893341855682,0,0.0,False,,
60.0,0,0.0,0.0,10.975206144167894,0,0.0,0.9636113935067326,0,0.0,False,,
65.0,0,0.0,0.0,11.140756511026845,0,0.0,0.9781465391439994,0,0.0,False,,
70.0,1,1.0,1.0,0.02768640015103874,1,1.0,0.002430836403460572,1,1.0,False,,
75.0,1,6.0,6.0,0.0,1,6.0,0.0,1,6.0,False,,
80.0,1,11.0,11.0,0.0,1,11.0,0.0,1,11.0,False,,
85.0,1,16.0,16.0,0.0,1,16.0,0.0,1,16.0,False,,
90.0,0,0.0,0.0,2.1444982858374715,0,0.0,1.0,0,0.0,False,,
95.0,0,0.0,0.0,6.055453949142247,0,0.0,1.0,0,0.0,False,,
100.0,0,0.0,0.0,9.823104691691697,0,0.0,0.7177735811949064,0,0.0,False,,
105.0,0,0.0,0.0,12.429923277920167,0,0.0,0.9702515971659351,0,0.0,False,,
110.0,0,0.0,0.0,10.73042903677857,0,0.0,0.7702018477486364,0,0.0,False,,
115.0,1,2.0,2.0,0.0017436305866892128,1,2.0,0.0001251531970488892,1,2.0,False,,
120.0,1,7.0,7.0,0.0,1,7.0,0.0,1,7.0,False,,
125.0,1,12.0,12.0,0.0,1,12.0,0.0,1,12.0,False,,
130.0,1,17.0,17.0,0.0,1,17.0,0.0,1,17.0,False,,
135.0,1,22.0,22.0,0.0,1,22.0,0.0,1,22.0,False,,
140.0,1,27.0,27.0,0.0,1,27.0,0.0,1,27.0,False,,
145.0,1,32.0,10.666666666666666,7.018198424933615,1,32.0,0.5837735191037818,1,32.0,False,,
150.0,0,0.0,0.0,8.830328032661166,0,0.0,0.9819127808692165,0,0.0,False,,
155.0,0,0.0,0.0,10.134102087172618,0,0.0,0.9549132685702157,0,0.0,False,,
160.0,1,2.0,0.5,9.378837333104258,1,2.0,0.49489605668491005,1,2.0,False,,
165.0,1,7.0,1.75,10.309969588925512,1,7.0,0.4983167656045033,1,7.0,False,,
170.0,2,13.0,6.5,0.005154584126778163,2,13.0,0.000383369575535713,2,13.0,False,,
175.0,0,0.0,0.0,5.779776904233173,0,0.0,0.976562487751106,0,0.0,False,,
180.0,0,0.0,0.0,8.440247744948355,0,0.0,0.9594937578288973,0,0.0,False,,
185.0,0,0.0,0.0,7.536899022753574,0,0.0,0.1272725892009802,0,0.0,False,,
190.0,1,3.0,0.75,8.99110676535259,1,3.0,0.42624763509157243,1,3.0,False,,
195.0,1,8.0,4.0,7.428450674692933,1,8.0,0.4948799998596281,1,8.0,False,,
200.0,1,13.0,4.333333333333333,8.807553844255594,1,13.0,0.4341355265943373,1,13.0,False,,
205.0,1,18.0,6.0,9.328642704530134,1,18.0,0.49233544218065556,1,18.0,False,,
210.0,1,23.0,7.666666666666667,4.384560699800182,1,23.0,0.30376903341860356,1,23.0,False,,
215.0,0,0.0,0.0,6.219353503532063,0,0.0,0.9491724751766247,0,0.0,False,,
220.0,0,0.0,0.0,8.10746101928624,0,0.0,0.6957672113141722,0,0.0,False,,
225.0,1,2.0,0.5,8.58376482949152,1,2.0,0.49384028616165104,1,2.0,False,,
230.0,1,7.0,1.4,7.847578582761052,1,7.0,0.329013577012561,1,7.0,False,,
235.0,2,16.0,4.0,6.535401540619478,2,16.0,0.44637702268281837,2,16.0,False,,
240.0,2,26.0,5.2,5.164625629237136,2,26.0,0.3396931100900452,2,26.0,False,,
245.0,3,41.0,8.2,3.00623048876137,3,41.0,0.1900957756920179,3,41.0,False,,
250.0,4,60.0,8.571428571428571,4.011883544165157,4,60.0,0.27661660170118424,4,60.0,False,,
255.0,5,83.0,11.857142857142858,4.01578452522263,5,83.0,0.28360352970026553,5,83.0,False,,
260.0,5,108.0,15.428571428571429,2.8043670775923295,5,108.0,0.06584466302728284,5,108.0,False,,
265.0,3,101.0,10.1,5.213515259615262,3,115.0,0.3369321153827429,3,115.0,False,,
270.0,3,116.0,10.545454545454545,7.108537923740164,3,119.0,0.5528322759268623,3,119.0,False,,
275.0,1,3.0,0.2727272727272727,6.464162830977867,1,82.0,0.40614296604114625,1,82.0,False,,
280.0,4,18.0,1.3846153846153846,6.496089334383884,4,55.0,0.3150530621756232,4,55.0,False,,
285.0,4,38.0,3.4545454545454546,6.834391276486866,4,41.0,0.3317733180929981,4,41.0,False,,
290.0,4,47.0,4.7,5.211869945138649,4,50.0,0.026767761048427242,4,50.0,False,,
295.0,5,71.0,8.875,4.057701536223375,5,74.0,3.2121210641013215e-06,5,74.0,False,,
300.0,5,96.0,13.714285714285714,2.9791489931144937,5,99.0,0.1659620380915451,5,99.0,False,,
305.0,2,46.0,6.571428571428571,4.367614317965092,2,72.0,0.26495473106871426,2,72.0,False,,
310.0,2,56.0,9.333333333333334,4.769459584045298,2,56.0,0.32335479249216487,2,56.0,False,,
315.0,1,40.0,5.714285714285714,6.45095303780126,1,40.0,0.28740686507987406,1,40.0,False,,
320.0,1,45.0,5.0,9.718128766432727,1,45.0,0.6216652857412562,1,45.0,False,,
325.0,1,50.0,6.25,10.267478279142232,1,50.0,0.6966552386137115,1,50.0,False,,
330.0,1,55.0,6.111111111111111,10.790795024485924,1,55.0,0.7036642518612112,1,55.0,False,,
335.0,2,63.0,7.875,8.63422746338389,2,63.0,0.45318448229537456,2,63.0,False,,
340.0,1,65.0,8.125,7.133515998647828,1,65.0,0.38168144491390094,1,65.0,False,,
345.0,1,70.0,11.666666666666666,6.42609286567064,1,70.0,0.4537615144200785,1,70.0,False,,
350.0,4,82.0,11.714285714285714,4.433497285434141,4,82.0,0.1778987139124831,4,82.0,False,,
355.0,4,102.0,12.75,6.386916979947526,4,102.0,0.28386868573680263,4,102.0,False,,
360.0,5,124.0,17.714285714285715,3.7339614482279493,5,124.0,0.2721134829438744,5,124.0,False,,
365.0,3,114.0,12.666666666666666,4.312017501256231,3,128.0,0.3488589520001321,3,128.0,False,,
370.0,3,129.0,10.75,6.220930268931508,3,129.0,0.4409746379208438,3,129.0,False,,
375.0,3,144.0,11.076923076923077,7.84597547143619,3,144.0,0.5209887444574128,3,144.0,False,,
380.0,4,160.0,10.666666666666666,6.475085869523345,4,160.0,0.2988308159364207,4,160.0,False,,
385.0,8,193.0,12.866666666666667,5.632984351771651,8,193.0,0.29162610260865934,8,193.0,False,,
390.0,9,234.0,15.6,4.443525934076855,9,234.0,0.2695192660974834,9,234.0,False,,
395.0,7,240.0,14.117647058823529,5.017537227056071,7,264.0,0.28464807785066165,7,264.0,False,,
400.0,8,280.0,17.5,5.463998166153119,8,292.0,0.2051409894094083,8,292.0,False,,
405.0,8,320.0,16.842105263157894,6.527477861803994,8,320.0,0.30293151639156374,8,320.0,False,,
410.0,8,360.0,22.5,6.0345109425649115,8,360.0,0.2668802388558645,8,360.0,False,,
415.0,9,402.0,26.8,4.896290869969983,9,402.0,0.17536080623067243,9,402.0,False,,
420.0,9,447.0,34.38461538461539,3.572459157719867,9,447.0,0.16540533632005278,9,447.0,False,,
425.0,9,492.0,37.84615384615385,3.7289378077170516,9,492.0,0.09984456143094637,9,492.0,False,,
430.0,4,260.0,20.0,3.3245936383136723,4,411.0,0.1413792596773472,4,411.0,False,,
435.0,1,160.0,13.333333333333334,4.692651992200887,1,317.0,0.24712505128021262,1,317.0,False,,
440.0,1,165.0,12.692307692307692,7.253663738828802,1,227.0,0.4159287064428987,1,227.0,False,,
445.0,1,170.0,11.333333333333334,10.600086462095705,1,170.0,0.6831446808108486,1,170.0,False,,
450.0,1,175.0,14.583333333333334,10.844763800336525,1,175.0,0.6275657557196109,1,175.0,False,,
455.0,2,185.0,20.555555555555557,9.768674096397309,2,185.0,0.4627895070637189,2,185.0,False,,
460.0,2,13.0,1.625,6.90144032528749,2,13.0,0.3409371496034336,2,13.0,False,,
465.0,3,28.0,3.111111111111111,6.935860743731209,3,28.0,0.5116957023295898,3,28.0,False,,
470.0,1,2.0,0.16666666666666666,7.696841789192398,1,10.0,0.6374690808797427,1,10.0,False,,
475.0,1,7.0,0.5833333333333334,7.625946052844644,1,7.0,0.574480752378025,1,7.0,False,,
480.0,6,21.0,1.6153846153846154,5.396010575180939,6,21.0,0.2788695272689412,6,21.0,False,,
485.0,6,51.0,3.4,7.419723981409488,6,51.0,0.3824760689127533,6,51.0,False,,
490.0,4,58.0,4.461538461538462,5.709631839243224,4,67.0,0.4233497542498709,4,67.0,False,,
495.0,5,83.0,5.1875,7.280430040798755,5,83.0,0.5248934349141217,5,83.0,False,,
500.0,1,10.0,0.5555555555555556,8.177436554340224,1,52.0,0.5762055398912836,1,52.0,False,,
505.0,2,4.0,0.2,8.454836319110575,2,34.0,0.5752477452375774,2,34.0,False,,
510.0,5,22.0,1.2941176470588236,6.416269420059065,5,22.0,0.30250296623783457,5,22.0,False,,
515.0,2,15.0,0.6521739130434783,7.463967362520686,2,30.0,0.4149061159936628,2,30.0,False,,
520.0,3,26.0,1.4444444444444444,8.339004221766443,3,33.0,0.5736087751699386,3,33.0,False,,
525.0,6,38.0,2.533333333333333,3.7539780240724125,6,45.0,0.08025557899690043,6,45.0,False,,
530.0,9,79.0,4.157894736842105,5.996889504769847,9,86.0,0.22755138231640884,9,86.0,False,,
535.0,5,79.0,4.9375,5.7981761592195955,5,100.0,0.37850980490096015,5,100.0,False,,
540.0,6,105.0,6.176470588235294,5.483145874835948,6,113.0,0.362554876614655,6,113.0,False,,
545.0,4,49.0,2.7222222222222223,4.646747943221476,4,97.0,0.291451923944802,4,97.0,False,,
550.0,6,75.0,3.75,6.1874880054503745,6,101.0,0.3399145791688443,6,101.0,False,,
555.0,7,108.0,6.0,5.975805842544225,7,116.0,0.2873638113135384,7,116.0,False,,
560.0,4,82.0,4.1,6.8021201934135975,4,112.0,0.32576604126527464,4,112.0,False,,
565.0,4,98.0,6.125,6.024482876580935,4,108.0,0.2679338739223654,4,108.0,False,,
570.0,6,98.0,7.0,3.7410253069636203,6,108.0,0.09973950506427687,6,108.0,False,,
575.0,8,138.0,9.857142857142858,4.926176775176324,8,148.0,0.10702009861821747,8,148.0,False,,
580.0,6,145.0,14.5,1.3638016749417747,6,166.0,0.012530881051285088,6,166.0,False,,
585.0,6,175.0,14.583333333333334,4.4572518315509155,6,184.0,0.21116653605160643,6,184.0,False,,
590.0,3,119.0,9.153846153846153,5.911975777212155,3,156.0,0.4365043459265994,3,156.0,False,,
595.0,5,137.0,9.785714285714286,5.661842760769223,5,156.0,0.3297725097622322,5,156.0,False,,
600.0,2,16.0,1.1428571428571428,5.9211995679207785,2,76.0,0.32008605749178765,2,76.0,False,,
605.0,4,34.0,2.6153846153846154,5.817345152605478,4,53.0,0.17365182384724842,4,53.0,False,,
610.0,4,35.0,2.6923076923076925,6.598750877328789,4,45.0,0.31341913357840817,4,45.0,False,,
615.0,4,55.0,3.6666666666666665,8.977873508614548,4,65.0,0.49356176845638416,4,65.0,False,,
620.0,2,43.0,3.909090909090909,6.940992195361758,2,65.0,0.5134699245957682,2,65.0,False,,
625.0,6,65.0,5.416666666666667,4.7075021166682225,6,75.0,0.263176745279477,6,75.0,False,,
630.0,5,83.0,6.916666666666667,4.59049117841392,5,93.0,0.2787742776695713,5,93.0,False,,
635.0,5,108.0,7.2,6.278962153304474,5,118.0,0.35363108121517595,5,118.0,False,,
640.0,0,0.0,0.0,7.720169152411886,0,47.0,0.5709535485064393,0,47.0,False,,
645.0,2,4.0,0.21052631578947367,9.215364681373714,2,17.0,0.6556825704409313,2,17.0,False,,
650.0,5,17.0,0.85,6.827923374953596,5,30.0,0.4710697173667407,5,30.0,False,,
655.0,8,53.0,2.3043478260869565,7.766809316213202,8,66.0,0.4584254709769873,8,66.0,False,,
660.0,5,46.0,2.090909090909091,6.094431950157562,5,75.0,0.4240910739062812,5,75.0,False,,
665.0,8,80.0,3.8095238095238093,4.394110746193093,8,93.0,0.2108323149770327,8,93.0,False,,
670.0,7,55.0,2.5,3.795885420686391,7,91.0,0.17903485437731417,7,91.0,False,,
675.0,6,75.0,3.409090909090909,5.986878696212873,6,98.0,0.286267446245509,6,98.0,False,,
680.0,6,105.0,5.833333333333333,5.680595802078693,6,112.0,0.28003319680478367,6,112.0,False,,
685.0,7,88.0,4.4,6.22373413113109,7,113.0,0.1755593908287137,7,113.0,False,,
690.0,7,123.0,6.833333333333333,6.4023017443087635,7,130.0,0.32250648721485037,7,130.0,False,,
695.0,6,97.0,5.705882352941177,5.4630361281588975,6,115.0,0.358391304414895,6,115.0,False,,
700.0,7,128.0,7.529411764705882,6.415327390008654,7,135.0,0.3544214320850706,7,135.0,False,,
705.0,4,100.0,7.142857142857143,3.4176157896254606,4,135.0,0.12047111364326597,4,135.0,False,,
710.0,4,107.0,7.642857142857143,5.1175808924741615,4,132.0,0.08012412364137951,4,132.0,False,,
715.0,4,127.0,11.545454545454545,5.352365474541745,4,128.0,0.08126153027395906,4,128.0,False,,
720.0,3,33.0,2.5384615384615383,7.807633419198139,3,34.0,0.3402043363882579,3,34.0,False,,
725.0,3,48.0,3.6923076923076925,8.845389221703746,3,49.0,0.6092194770402245,3,49.0,False,,
730.0,2,13.0,1.1818181818181819,6.833520270874202,2,14.0,0.5362188672383248,2,14.0,False,,
735.0,4,31.0,2.2142857142857144,6.261271721474164,4,32.0,0.29628741648205886,4,32.0,False,,
740.0,0,0.0,0.0,6.473550885661008,0,20.0,0.4524130576376397,0,20.0,False,,
745.0,0,0.0,0.0,7.714512155999081,0,8.0,0.5545797175088759,0,8.0,False,,
750.0,0,0.0,0.0,9.626747261061482,0,0.0,0.7500897191874111,0,0.0,False,,
755.0,1,1.0,0.058823529411764705,9.659605516871919,1,1.0,0.5130161103702654,1,1.0,False,,
760.0,4,16.0,1.0666666666666667,9.540347506307684,4,16.0,0.2974689307172402,4,16.0,False,,
765.0,4,36.0,3.6,7.984445831084751,4,36.0,0.4202045571437526,4,36.0,False,,
770.0,1,13.0,1.3,6.897912524350987,1,25.0,0.5236794737766414,1,25.0,False,,
775.0,2,23.0,1.7692307692307692,7.71697539389479,2,23.0,0.5562740434012308,2,23.0,False,,
780.0,1,2.0,0.15384615384615385,7.104954717716319,1,6.0,0.5254958476190834,1,6.0,False,,
785.0,1,7.0,0.5,7.62319825940905,1,8.0,0.3627088284314149,1,8.0,False,,
790.0,2,15.0,1.0,8.622537784691804,2,15.0,0.5303678480959638,2,15.0,False,,
795.0,4,31.0,1.8235294117647058,8.876048315897298,4,31.0,0.5242616507584743,4,31.0,False,,
800.0,5,52.0,3.0588235294117645,7.221823054367896,5,52.0,0.4252322100172229,5,52.0,False,,
805.0,4,33.0,1.8333333333333333,6.6235330011214355,4,54.0,0.4449994390173166,4,54.0,False,,
810.0,9,64.0,3.0476190476190474,5.274815685033031,9,69.0,0.38370386108024745,9,69.0,False,,
815.0,6,31.0,1.4090909090909092,4.684953145579907,6,79.0,0.3322406482442033,6,79.0,False,,
820.0,4,32.0,1.391304347826087,4.073102630556877,4,74.0,0.1985104805392457,4,74.0,False,,
825.0,8,65.0,2.8260869565217392,4.945660794061361,8,78.0,0.22681259176313193,8,78.0,False,,
830.0,7,57.0,2.28,6.0289489764739645,7,86.0,0.2522012859920022,7,86.0,False,,
835.0,8,85.0,3.6956521739130435,6.1377594336509524,8,107.0,0.28079080129434425,8,107.0,False,,
840.0,4,68.0,3.090909090909091,4.676853139057296,4,117.0,0.2769153959095707,4,117.0,False,,
845.0,8,104.0,4.333333333333333,6.069924345099012,8,133.0,0.3384191887510213,8,133.0,False,,
850.0,8,113.0,4.913043478260869,4.576729590192356,8,151.0,0.2368664463241558,8,151.0,False,,
855.0,7,137.0,6.2272727272727275,5.259620821084654,7,172.0,0.20863370650169094,7,172.0,False,,
860.0,6,52.0,2.4761904761904763,4.427040701107762,6,134.0,0.16991008233062235,6,134.0,False,,
865.0,9,93.0,4.2272727272727275,5.952504032363875,9,128.0,0.2744010707949458,9,128.0,False,,
870.0,7,100.0,5.0,4.821397068508621,7,146.0,0.2554925086120906,7,146.0,False,,
875.0,7,126.0,6.3,5.933553494760249,7,164.0,0.31753992469221554,7,164.0,False,,
880.0,6,63.0,3.7058823529411766,3.02653798832335,6,123.0,0.12237538602157683,6,123.0,False,,
885.0,9,105.0,6.176470588235294,4.288003461436136,9,128.0,0.09688589042841664,9,128.0,False,,
890.0,6,91.0,5.6875,4.1819636118512875,6,127.0,0.19187422918647223,6,127.0,False,,
895.0,6,121.0,7.5625,6.19755905387453,6,144.0,0.24627633327626358,6,144.0,False,,
900.0,3,87.0,6.6923076923076925,4.737354375018972,3,134.0,0.19917316386948158,3,134.0,False,,
905.0,4,88.0,5.866666666666666,6.7111980306650825,4,124.0,0.34163825300358375,4,124.0,False,,
910.0,4,22.0,1.8333333333333333,6.03597733744894,4,58.0,0.45170437720896855,4,58.0,False,,
915.0,5,44.0,3.6666666666666665,5.390007002894628,5,80.0,0.1540420492287316,5,80.0,False,,
920.0,3,42.0,3.5,5.5674874216919354,3,68.0,0.36390365762966265,3,68.0,False,,
925.0,4,60.0,3.75,7.401252109843425,4,60.0,0.5179959820635103,4,60.0,False,,
930.0,0,0.0,0.0,7.808826264184245,0,19.0,0.630867722737181,0,19.0,False,,
935.0,2,9.0,0.5,8.02368969381169,2,16.0,0.5603167688041898,2,16.0,False,,
940.0,4,10.0,0.625,6.325668058583689,4,27.0,0.34618930834411493,4,27.0,False,,
945.0,5,28.0,1.75,6.084661238048147,5,39.0,0.18709487770095543,5,39.0,False,,
950.0,4,24.0,2.0,3.001853448603848,4,40.0,0.017450923315404487,4,40.0,False,,
955.0,6,54.0,4.153846153846154,4.624617643342022,6,65.0,0.208799078382381,6,65.0,False,,
960.0,2,40.0,3.076923076923077,6.282295228339011,2,66.0,0.4139344043100043,2,66.0,False,,
965.0,2,50.0,4.166666666666667,7.490941682980349,2,66.0,0.4356385187121358,2,66.0,False,,
970.0,3,61.0,5.545454545454546,5.848583335109672,3,68.0,0.267972986215681,3,68.0,False,,
975.0,1,6.0,0.4,8.864343347692264,1,36.0,0.686878189349525,1,36.0,False,,
980.0,1,11.0,0.6875,9.174268372213636,1,11.0,0.7244602054500833,1,11.0,False,,
985.0,1,3.0,0.1875,8.854498533622447,1,3.0,0.7155016843490022,1,3.0,False,,
990.0,5,17.0,0.9444444444444444,6.896157941302014,5,17.0,0.37688914818026176,5,17.0,False,,
995.0,4,19.0,1.2666666666666666,3.8739696108839388,4,33.0,0.25687492052625693,4,33.0,False,,
1000.0,3,26.0,1.7333333333333334,3.765018889443928,3,39.0,0.1690339995958532,3,39.0,False,,
1005.0,3,10.0,0.5882352941176471,4.587702293550821,3,36.0,0.2684749138129097,3,36.0,False,,
1010.0,5,34.0,2.0,6.508638026276854,5,48.0,0.3527955916492412,5,48.0,False,,
1015.0,6,62.0,3.4444444444444446,6.64049483633531,6,76.0,0.3939231143037241,6,76.0,False,,
1020.0,8,99.0,4.714285714285714,7.9096990075212075,8,113.0,0.46441937400803246,8,113.0,False,,
1025.0,5,45.0,2.25,5.2841243444340735,5,99.0,0.4008640540004515,5,99.0,False,,
1030.0,5,49.0,2.3333333333333335,4.873250598795824,5,93.0,0.3584133554545921,5,93.0,False,,
1035.0,6,25.0,1.1363636363636365,4.192795262485255,6,87.0,0.24483201898388754,6,87.0,False,,
1040.0,10,60.0,2.608695652173913,4.278076467526163,10,115.0,0.1344049393116012,10,115.0,False,,
1045.0,12,92.0,4.181818181818182,4.026650655140646,12,152.0,0.19363322834542984,12,152.0,False,,
1050.0,13,154.0,5.923076923076923,5.59672839906247,13,209.0,0.29613709271736477,13,209.0,False,,
1055.0,8,92.0,3.68,4.533037447742076,8,200.0,0.29193579435959693,8,200.0,False,,
1060.0,7,58.0,2.230769230769231,4.792320681729517,7,171.0,0.2893673957947428,7,171.0,False,,
1065.0,7,89.0,3.2962962962962963,5.398993680867037,7,136.0,0.2788341289616685,7,136.0,False,,
1070.0,6,34.0,1.2142857142857142,5.679557363914868,6,125.0,0.25347198681792693,6,125.0,False,,
1075.0,12,65.0,2.5,4.699378120922232,12,135.0,0.18881823423918384,12,135.0,False,,
1080.0,10,65.0,2.7083333333333335,3.6717088144882024,10,156.0,0.16430198621630998,10,156.0,False,,
1085.0,5,53.0,2.0384615384615383,5.589456839777398,5,153.0,0.2754294864300869,5,153.0,False,,
1090.0,9,47.0,1.8076923076923077,4.981383563763216,9,158.0,0.30089938243808506,9,158.0,False,,
1095.0,13,105.0,3.888888888888889,5.589686083473246,13,216.0,0.29836880697580476,13,216.0,False,,
1100.0,13,110.0,4.4,2.774139189898071,13,240.0,0.1375252281516628,13,240.0,False,,
1105.0,8,121.0,4.653846153846154,3.734673751131025,8,248.0,0.20628725366908615,8,248.0,False,,
1110.0,8,43.0,1.72,2.9982291863055717,8,222.0,0.12679435593537874,8,222.0,False,,
1115.0,11,74.0,2.740740740740741,4.120496444198322,11,203.0,0.15018759407586665,11,203.0,False,,
1120.0,10,72.0,3.0,3.4351052956610157,10,206.0,0.15692454581853,10,206.0,False,,
1125.0,9,95.0,3.5185185185185186,5.185985246820069,9,214.0,0.23381346664697447,9,214.0,False,,
1130.0,7,89.0,3.423076923076923,4.598805584513584,7,217.0,0.27724717492880885,7,217.0,False,,
1135.0,10,127.0,4.379310344827586,5.168362250014232,10,229.0,0.2684783055234036,10,229.0,False,,
1140.0,8,128.0,4.413793103448276,4.732785768296516,8,227.0,0.3079046062656311,8,227.0,False,,
1145.0,11,158.0,4.787878787878788,5.323565864411364,11,232.0,0.3265728239964647,11,232.0,False,,
1150.0,12,215.0,6.515151515151516,5.434629957026074,12,242.0,0.3174993997253043,12,242.0,False,,
1155.0,14,283.0,8.085714285714285,6.073613734741125,14,303.0,0.2869644369988043,14,303.0,False,,
1160.0,12,242.0,7.5625,5.2791913353906414,12,319.0,0.18637762954905188,12,319.0,False,,
1165.0,6,198.0,6.6,5.15612896911173,6,318.0,0.23234520742549591,6,318.0,False,,
1170.0,8,234.0,8.068965517241379,5.370157427008218,8,290.0,0.30041831957233806,8,290.0,False,,
1175.0,9,279.0,9.3,7.312207185275237,9,288.0,0.32864536133285616,9,288.0,False,,
1180.0,14,185.0,6.607142857142857,5.397893274249687,14,207.0,0.13605129453499964,14,207.0,False,,
1185.0,15,256.0,10.24,4.2925710057904265,15,265.0,0.18104951206104394,15,265.0,False,,
1190.0,10,195.0,8.863636363636363,2.4046118524522377,10,273.0,0.08581990991112333,10,273.0,False,,
1195.0,7,180.0,6.923076923076923,4.752581952321273,7,272.0,0.2308353923690176,7,272.0,False,,
1200.0,6,116.0,4.142857142857143,4.802503227100069,6,259.0,0.29724754165951733,6,259.0,False,,
1205.0,8,146.0,5.0344827586206895,5.583309904623269,8,256.0,0.2960499197434596,8,256.0,False,,
1210.0,8,142.0,5.071428571428571,3.8870370266937657,8,250.0,0.21371445024284927,8,250.0,False,,
1215.0,9,156.0,4.7272727272727275,5.716140375684471,9,251.0,0.32843010730977507,9,251.0,False,,
1220.0,9,162.0,5.4,3.8031864330021654,9,260.0,0.21082018591242005,9,260.0,False,,
1225.0,11,192.0,5.818181818181818,3.8845523819022527,11,291.0,0.14688522059519982,11,291.0,False,,
1230.0,13,202.0,6.733333333333333,3.4728576025200195,13,314.0,0.17828077614144486,13,314.0,False,,
1235.0,12,225.0,7.03125,3.913647922079326,12,330.0,0.1524321682952474,12,330.0,False,,
1240.0,10,221.0,6.5,3.734423797959888,10,358.0,0.18894108787904107,10,358.0,False,,
1245.0,12,255.0,7.5,4.194028831871775,12,392.0,0.19868393631648415,12,392.0,False,,
1250.0,15,268.0,8.375,2.406373835705633,15,414.0,0.0972476081049638,15,414.0,False,,
1255.0,12,285.0,8.382352941176471,3.7465863543615376,12,439.0,0.14710400251489483,12,439.0,False,,
1260.0,10,288.0,9.290322580645162,3.112193300557457,10,449.0,0.16424788108502683,10,449.0,False,,
1265.0,13,332.0,10.06060606060606,4.00834729357382,13,484.0,0.17120491831194337,13,484.0,False,,
1270.0,13,347.0,11.193548387096774,3.069903701551562,13,506.0,0.11207888766303369,13,506.0,False,,
1275.0,12,372.0,11.272727272727273,4.357532048935397,12,532.0,0.18838181490604933,12,532.0,False,,
1280.0,9,360.0,10.909090909090908,3.6216023712427483,9,544.0,0.21097593922300092,9,544.0,False,,
1285.0,13,408.0,11.657142857142857,4.297226505956423,13,569.0,0.21875443512215645,13,569.0,False,,
1290.0,17,484.0,14.666666666666666,4.027447562815212,17,614.0,0.21306897006134135,17,614.0,False,,
1295.0,17,487.0,13.914285714285715,4.023548281821648,17,637.0,0.15007649606156342,17,637.0,False,,
1300.0,13,486.0,14.727272727272727,3.9041776441053098,13,652.0,0.18546488388621157,13,652.0,False,,
1305.0,10,469.0,13.4,4.132087445536307,10,688.0,0.25672170953331974,10,688.0,False,,
1310.0,13,521.0,13.35897435897436,5.0205977104506605,13,736.0,0.3022351272748847,13,736.0,False,,
1315.0,16,545.0,14.72972972972973,2.628846112755685,16,750.0,0.13797246187959106,16,750.0,False,,
1320.0,18,594.0,14.85,3.8007454046695974,18,778.0,0.1868551805970478,18,778.0,False,,
1325.0,13,638.0,16.358974358974358,4.6709497123503985,13,771.0,0.27018950816863607,13,771.0,False,,
1330.0,13,628.0,14.952380952380953,4.688426638985699,13,802.0,0.231730766791797,13,802.0,False,,
1335.0,16,680.0,16.585365853658537,4.07337460529411,16,841.0,0.2037902715209307,16,841.0,False,,
1340.0,20,770.0,20.81081081081081,3.0172217897324702,20,890.0,0.12185344195239903,20,890.0,False,,
1345.0,20,467.0,11.675,3.63846048300029,20,700.0,0.11565285775805846,20,700.0,False,,
1350.0,24,583.0,15.342105263157896,2.8817450760774532,24,703.0,0.05052414149627226,24,703.0,False,,
1355.0,23,571.0,16.314285714285713,1.9479410559071353,23,753.0,0.0711709195065828,23,753.0,False,,
1360.0,15,517.0,13.972972972972974,3.692528490965964,15,778.0,0.1645514767306342,15,778.0,False,,
1365.0,12,522.0,13.05,4.649976343910901,12,724.0,0.27739416525201965,12,724.0,False,,
1370.0,15,495.0,12.073170731707316,4.701317380974644,15,740.0,0.22990290505377892,15,740.0,False,,
1375.0,14,489.0,11.642857142857142,4.828619040765349,14,790.0,0.2453414120041726,14,790.0,False,,
1380.0,18,566.0,14.512820512820513,3.8900553011083887,18,824.0,0.19490887907715287,18,824.0,False,,
1385.0,22,670.0,15.952380952380953,4.741924435198139,22,887.0,0.16298974398871233,22,887.0,False,,
1390.0,21,670.0,17.63157894736842,3.477655835853915,21,897.0,0.1009556638822523,21,897.0,False,,
1395.0,15,651.0,18.083333333333332,3.1845805580743916,15,909.0,0.12209353872051779,15,909.0,False,,
1400.0,14,662.0,19.470588235294116,2.524951625988303,14,973.0,0.09721163381736438,14,973.0,False,,
1405.0,16,703.0,20.085714285714285,3.100940199208999,16,1039.0,0.11342410247727205,16,1039.0,False,,
1410.0,17,187.0,5.5,2.6271851092067733,17,847.0,0.12423238842775895,17,847.0,False,,
1415.0,23,291.0,8.314285714285715,2.0150627023635623,23,723.0,0.058493991362548396,23,723.0,False,,
1420.0,21,291.0,8.558823529411764,2.3662863145496336,21,743.0,0.09715916528862194,21,743.0,False,,
1425.0,14,271.0,7.742857142857143,3.4080894054126833,14,729.0,0.12553755098556843,14,729.0,False,,
1430.0,11,267.0,7.852941176470588,3.744243560430207,11,632.0,0.1640296512183482,11,632.0,False,,
1435.0,9,192.0,5.647058823529412,4.475086129853026,9,650.0,0.157426590183679,9,650.0,False,,
1440.0,12,229.0,7.15625,4.002681811459652,12,673.0,0.14369445404528736,12,673.0,False,,
1445.0,15,124.0,4.133333333333334,3.039162567078837,15,604.0,0.16226898361955747,15,604.0,False,,
1450.0,21,217.0,6.78125,3.1175397324249654,21,663.0,0.15412724195183852,21,663.0,False,,
1455.0,17,206.0,6.242424242424242,2.8874087676067135,17,671.0,0.15992716379562316,17,671.0,False,,
1460.0,14,171.0,4.885714285714286,3.4722057743528003,14,655.0,0.15582084623989598,14,655.0,False,,
1465.0,10,165.0,4.714285714285714,4.28752100169957,10,582.0,0.2203554254404192,10,582.0,False,,
1470.0,12,137.0,3.914285714285714,3.856218645338905,12,585.0,0.0975719365420926,12,585.0,False,,
1475.0,13,140.0,3.888888888888889,4.07914878546957,13,612.0,0.20008188689626827,13,612.0,False,,
1480.0,15,207.0,5.914285714285715,3.5538917033782935,15,634.0,0.22331254040715934,15,634.0,False,,
1485.0,19,293.0,7.918918918918919,4.09819130980375,19,695.0,0.18087343011058354,19,695.0,False,,
1490.0,19,283.0,7.648648648648648,3.0178933482929233,19,696.0,0.10085923964900131,19,696.0,False,,
1495.0,16,263.0,7.108108108108108,3.57311127553623,16,669.0,0.15898480545899285,16,669.0,False,,
1500.0,13,258.0,7.588235294117647,3.5587779673788296,13,608.0,0.14361305384362372,13,608.0,False,,
1505.0,10,235.0,6.351351351351352,4.3766197227945325,10,633.0,0.1665801292280575,10,633.0,False,,
1510.0,13,274.0,7.828571428571428,4.1940967136357425,13,672.0,0.20245928892536322,13,672.0,False,,
1515.0,15,149.0,4.515151515151516,3.2687329048705083,15,487.0,0.19838108203245855,15,487.0,False,,
1520.0,23,246.0,7.454545454545454,2.713743996476942,23,548.0,0.07548286852899623,23,548.0,False,,
1525.0,18,232.0,6.823529411764706,3.046558365876846,18,559.0,0.15650439990796877,18,559.0,False,,
1530.0,17,270.0,7.714285714285714,3.5975445427897763,17,492.0,0.12865642287552337,17,492.0,False,,
1535.0,15,253.0,7.027777777777778,3.6701635530449854,15,520.0,0.1650691425804631,15,520.0,False,,
1540.0,8,135.0,3.375,4.858681838653759,8,520.0,0.23323663164954606,8,520.0,False,,
1545.0,8,122.0,3.210526315789474,3.922591681518812,8,500.0,0.15735889134922146,8,500.0,False,,
1550.0,12,174.0,4.833333333333333,3.9391058843548175,12,485.0,0.1942185805077863,12,485.0,False,,
1555.0,15,246.0,6.473684210526316,5.288156788136982,15,542.0,0.19636357026832504,15,542.0,False,,
1560.0,16,186.0,4.894736842105263,5.07106970915041,16,495.0,0.1856954243104396,16,495.0,False,,
1565.0,21,282.0,8.8125,3.059870894289774,21,578.0,0.10777777295847134,21,578.0,False,,
1570.0,19,271.0,8.741935483870968,2.2489360438645503,19,588.0,0.11294042059718948,19,588.0,False,,
1575.0,15,224.0,6.4,3.990029775903044,15,632.0,0.2296397239864439,15,632.0,False,,
1580.0,13,213.0,6.085714285714285,4.43780359340589,13,569.0,0.25928759947996244,13,569.0,False,,
1585.0,10,114.0,2.923076923076923,5.1054412129894935,10,585.0,0.2545272023624636,10,585.0,False,,
1590.0,13,79.0,2.135135135135135,3.497079062492947,13,615.0,0.14314168990394102,13,615.0,False,,
1595.0,13,111.0,3.264705882352941,3.0183054391030057,13,642.0,0.15239235578930047,13,642.0,False,,
1600.0,17,181.0,5.027777777777778,3.971959982272394,17,672.0,0.1733001891651037,17,672.0,False,,
1605.0,19,275.0,7.857142857142857,4.2938722271990315,19,723.0,0.19079140625697302,19,723.0,False,,
1610.0,17,257.0,7.3428571428571425,4.063687445575668,17,755.0,0.21948887354704233,17,755.0,False,,
1615.0,20,352.0,10.352941176470589,3.0585588261053127,20,811.0,0.15054551111070724,20,811.0,False,,
1620.0,20,302.0,8.882352941176471,2.5774895198308267,20,798.0,0.1168982776910766,20,798.0,False,,
1625.0,15,244.0,6.594594594594595,3.8733995802925376,15,771.0,0.17535115891239397,15,771.0,False,,
1630.0,12,188.0,5.696969696969697,4.0222000768961506,12,635.0,0.18164005232008903,12,635.0,False,,
1635.0,8,92.0,2.7058823529411766,4.049098859015804,8,634.0,0.11202132385835338,8,634.0,False,,
1640.0,10,86.0,2.5294117647058822,4.460278495245795,10,640.0,0.21282620830402596,10,640.0,False,,
1645.0,14,82.0,2.6451612903225805,3.3312560236734536,14,635.0,0.1802501889226046,14,635.0,False,,
1650.0,21,174.0,5.2727272727272725,3.1581311788938407,21,717.0,0.10459843525788039,21,717.0,False,,
1655.0,18,170.0,5.666666666666667,2.069480942341218,18,703.0,0.04567256054856022,18,703.0,False,,
1660.0,11,140.0,4.0,4.264383599932514,11,668.0,0.2258146030427802,11,668.0,False,,
1665.0,10,175.0,4.72972972972973,5.795206445075609,10,528.0,0.3752812045443571,10,528.0,False,,
1670.0,12,228.0,6.0,6.686897361303964,12,420.0,0.35477833729380287,12,420.0,False,,
1675.0,8,120.0,3.2432432432432434,6.015397173545851,8,327.0,0.27116809139017295,8,327.0,False,,
1680.0,10,40.0,1.2121212121212122,4.262470041981907,10,298.0,0.1968386638026125,10,298.0,False,,
1685.0,15,90.0,3.103448275862069,2.7475168667836134,15,352.0,0.1223899384183567,15,352.0,False,,
1690.0,21,177.0,5.205882352941177,3.7714199166366615,21,436.0,0.14744987315764474,21,436.0,False,,
1695.0,16,168.0,5.25,3.7094620521527357,16,451.0,0.21371545302331577,16,451.0,False,,
1700.0,16,201.0,6.28125,2.6878860997828715,16,489.0,0.1179715301049798,16,489.0,False,,
1705.0,14,159.0,4.96875,2.7035618509757775,14,455.0,0.12508129146920233,14,455.0,False,,
1710.0,12,95.0,2.878787878787879,4.045924758824418,12,437.0,0.1596220993868562,12,437.0,False,,
1715.0,12,139.0,4.633333333333334,4.089679472386886,12,357.0,0.1808131965943259,12,357.0,False,,
1720.0,12,199.0,6.03030303030303,5.830573072797336,12,301.0,0.20872824826201924,12,301.0,False,,
1725.0,12,199.0,6.03030303030303,6.01881919901902,12,316.0,0.24661296193672178,12,316.0,False,,
1730.0,16,269.0,8.966666666666667,4.557350122610031,16,371.0,0.19334437323707152,16,371.0,False,,
1735.0,13,171.0,6.107142857142857,3.3085952875487146,13,355.0,0.23353479357292015,13,355.0,False,,
1740.0,10,108.0,3.7241379310344827,3.900611785809779,10,318.0,0.22926308489505234,10,318.0,False,,
1745.0,9,87.0,2.806451612903226,3.5500030111548986,9,330.0,0.20840452873939355,9,330.0,False,,
1750.0,12,87.0,2.5588235294117645,4.773753603635331,12,345.0,0.26340876820725073,12,345.0,False,,
1755.0,13,96.0,2.823529411764706,3.519602104964122,13,361.0,0.20911398460803018,13,361.0,False,,
1760.0,22,190.0,5.428571428571429,3.2723673672137297,22,448.0,0.13619682658549406,22,448.0,False,,
1765.0,18,184.0,5.411764705882353,2.977962210017912,18,447.0,0.1394028838213139,18,447.0,False,,
1770.0,16,175.0,5.147058823529412,2.9077859718599783,16,432.0,0.10269301584030208,16,432.0,False,,
1775.0,14,112.0,3.5,2.522599049411351,14,444.0,0.11632698856741674,14,444.0,False,,
1780.0,12,84.0,2.4,3.8105472176179376,12,446.0,0.1658669312050875,12,446.0,False,,
1785.0,14,152.0,4.108108108108108,5.0448926043974325,14,413.0,0.3232829934234438,14,413.0,False,,
1790.0,17,185.0,4.625,4.952781021040641,17,446.0,0.25257092851362334,17,446.0,False,,
1795.0,23,289.0,7.605263157894737,3.2400524372668955,23,550.0,0.12491734141022957,23,550.0,False,,
1800.0,24,272.0,7.771428571428571,1.122712312947669,24,549.0,0.03995495296181716,24,549.0,False,,
1805.0,17,234.0,6.5,2.5387146838387773,17,553.0,0.1200846569475709,17,553.0,False,,
1810.0,15,285.0,7.916666666666667,3.6731085076889536,15,498.0,0.17287503968581533,15,498.0,False,,
1815.0,14,220.0,5.116279069767442,5.087873710247079,14,493.0,0.25557667812084855,14,493.0,False,,
1820.0,13,127.0,3.097560975609756,4.005445421601537,13,502.0,0.22392678135805302,13,502.0,False,,
1825.0,15,188.0,4.372093023255814,3.941769786557145,15,469.0,0.19349681075283232,15,469.0,False,,
1830.0,16,265.0,5.888888888888889,5.292617827785557,16,473.0,0.24354465783559376,16,473.0,False,,
1835.0,18,350.0,8.333333333333334,5.806048186379712,18,508.0,0.23806982888482867,18,508.0,False,,
1840.0,19,320.0,8.421052631578947,3.8106143826335894,19,525.0,0.11445689315788639,19,525.0,False,,
1845.0,26,438.0,11.526315789473685,3.0426445106364244,26,601.0,0.12058220561142927,26,601.0,False,,
1850.0,22,358.0,9.675675675675675,2.199173414070769,22,604.0,0.12029953266705042,22,604.0,False,,
1855.0,16,199.0,5.378378378378378,3.0278557328247566,16,588.0,0.139046442017553,16,588.0,False,,
1860.0,12,191.0,5.162162162162162,3.576544440753493,12,466.0,0.16718595443391382,12,466.0,False,,
1865.0,14,260.0,6.666666666666667,5.477298960803893,14,402.0,0.22589180151104862,14,402.0,False,,
1870.0,13,159.0,4.184210526315789,4.994093252005983,13,384.0,0.17573768515269986,13,384.0,False,,
1875.0,11,102.0,3.090909090909091,3.9360910809017944,11,384.0,0.1300339825013893,11,384.0,False,,
1880.0,13,165.0,5.892857142857143,3.060794712871772,13,349.0,0.08887659338466466,13,349.0,False,,
1885.0,13,230.0,7.666666666666667,5.268360338167404,13,363.0,0.14836805463270417,13,363.0,False,,
1890.0,12,228.0,7.125,6.45247476066054,12,361.0,0.2879713533770591,12,361.0,False,,
1895.0,15,297.0,11.0,4.771181707069201,15,430.0,0.2414833963439826,15,430.0,False,,
1900.0,13,202.0,8.08,1.7443676954936236,13,398.0,0.0687295962246823,13,398.0,False,,
1905.0,8,136.0,4.857142857142857,4.153419527295018,8,363.0,0.21209592677777794,8,363.0,False,,
1910.0,8,99.0,3.5357142857142856,3.9493308632074187,8,361.0,0.21981745538333686,8,361.0,False,,
1915.0,13,138.0,4.758620689655173,4.468026176040935,13,375.0,0.18287237265042397,13,375.0,False,,
1920.0,17,140.0,5.0,3.2299100536807686,17,372.0,0.17199377687945577,17,372.0,False,,
1925.0,18,230.0,7.666666666666667,3.7895342730561987,18,462.0,0.15850146961283818,18,462.0,False,,
1930.0,16,199.0,7.107142857142857,2.6780749870015796,16,439.0,0.11446191117317268,16,439.0,False,,
1935.0,9,146.0,4.866666666666666,3.5918219607511914,9,387.0,0.17276158438460512,9,387.0,False,,
1940.0,9,182.0,5.352941176470588,5.478097549176403,9,299.0,0.3467075932023607,9,299.0,False,,
1945.0,8,97.0,2.6944444444444446,5.5587746493795,8,272.0,0.2817383365130872,8,272.0,False,,
1950.0,10,90.0,2.903225806451613,4.265689154533214,10,254.0,0.2091633530290928,10,254.0,False,,
1955.0,14,149.0,4.966666666666667,3.865304057020828,14,271.0,0.1647855272959223,14,271.0,False,,
1960.0,16,169.0,5.451612903225806,4.894321736061014,16,274.0,0.1523625286054175,16,274.0,False,,
1965.0,20,256.0,9.142857142857142,3.1626911474530246,20,361.0,0.05800653608445693,20,361.0,False,,
1970.0,15,206.0,7.923076923076923,2.3719768424079457,15,362.0,0.1463567487373141,15,362.0,False,,
1975.0,7,102.0,3.4,4.896017212747425,7,341.0,0.3093083091973451,7,341.0,False,,
1980.0,7,103.0,3.433333333333333,4.970164273655231,7,263.0,0.27290399442030755,7,263.0,False,,
1985.0,5,34.0,1.0625,4.8906019841070965,5,237.0,0.19443840951264632,5,237.0,False,,
1990.0,10,47.0,1.6785714285714286,3.9803675289972538,10,243.0,0.13637564549760323,10,243.0,False,,
1995.0,17,117.0,4.68,2.702793963003052,17,313.0,0.1015664793462369,17,313.0,False,,
2000.0,19,210.0,7.5,3.515867758335184,19,406.0,0.10571495174335915,19,406.0,False,,
2005.0,14,187.0,7.48,2.185356519319313,14,415.0,0.11987714053022862,14,415.0,False,,
2010.0,8,130.0,5.2,2.3043697820605913,8,392.0,0.12302735732548847,8,392.0,False,,
2015.0,7,68.0,2.3448275862068964,3.8101180772281396,7,366.0,0.2201805178862468,7,366.0,False,,
2020.0,11,91.0,2.935483870967742,5.06323561185542,11,354.0,0.25467951245698667,11,354.0,False,,
2025.0,17,120.0,4.444444444444445,2.691120181527996,17,383.0,0.10987033136381107,17,383.0,False,,
2030.0,20,214.0,7.133333333333334,3.1543480621629216,20,477.0,0.11396842098321291,20,477.0,False,,
2035.0,15,189.0,6.3,3.364629605348266,15,462.0,0.19907107534211912,15,462.0,False,,
2040.0,9,122.0,3.935483870967742,3.767099496260135,9,421.0,0.20603428372791643,9,421.0,False,,
2045.0,9,148.0,4.625,4.956854085936834,9,319.0,0.2841285351450125,9,319.0,False,,
2050.0,9,193.0,6.03125,6.038029553387679,9,303.0,0.23330510348632663,9,303.0,False,,
2055.0,8,95.0,3.392857142857143,4.597595326671898,8,264.0,0.09383794010299282,8,264.0,False,,
2060.0,6,28.0,1.0769230769230769,4.5733222346461355,6,234.0,0.21089764939246738,6,234.0,False,,
2065.0,8,66.0,2.75,5.509784331042819,8,191.0,0.2898750162717981,8,191.0,False,,
2070.0,13,117.0,4.5,5.398622530220384,13,242.0,0.13388113551393646,13,242.0,False,,
2075.0,15,189.0,7.269230769230769,5.240907809767463,15,314.0,0.2019743605777678,15,314.0,False,,
2080.0,13,165.0,7.857142857142857,2.586006347965289,13,315.0,0.18188978633232067,13,315.0,False,,
2085.0,11,130.0,5.416666666666667,3.5803749831737464,11,326.0,0.210967707265847,11,326.0,False,,
2090.0,10,151.0,5.8076923076923075,4.296409499793563,10,309.0,0.2215155711107779,10,309.0,False,,
2095.0,11,203.0,7.8076923076923075,5.232449372022439,11,313.0,0.18796208047142543,11,313.0,False,,
2100.0,7,85.0,3.5416666666666665,4.019704296924959,7,266.0,0.17967044283377923,7,266.0,False,,
2105.0,5,17.0,0.7727272727272727,4.135776233130084,5,203.0,0.2135883267508519,5,203.0,False,,
2110.0,6,46.0,2.1904761904761907,5.138616280618256,6,153.0,0.22848126318269024,6,153.0,False,,
2115.0,10,84.0,3.652173913043478,5.450399167910602,10,191.0,0.1503441801486001,10,191.0,False,,
2120.0,13,144.0,7.2,4.413623005890766,13,251.0,0.165235131591954,13,251.0,False,,
2125.0,11,136.0,7.555555555555555,2.278033095881229,11,267.0,0.16231258975836818,11,267.0,False,,
2130.0,8,103.0,5.421052631578948,3.733356578760639,8,275.0,0.20428986929796358,8,275.0,False,,
2135.0,6,44.0,2.3157894736842106,3.2639280551651266,6,247.0,0.12169714309667719,6,247.0,False,,
2140.0,6,29.0,1.6111111111111112,3.476879179191237,6,232.0,0.095208700744008,6,232.0,False,,
2145.0,8,65.0,3.823529411764706,3.1287859379603637,8,268.0,0.0910843420658787,8,268.0,False,,
2150.0,11,116.0,5.8,4.878855152824242,11,319.0,0.20086711881872096,11,319.0,False,,
2155.0,9,109.0,5.7368421052631575,4.1645079018655355,9,321.0,0.30318926415720165,9,321.0,False,,
2160.0,7,92.0,4.6,3.7370362227365845,7,317.0,0.2522553651339735,7,317.0,False,,
2165.0,7,66.0,2.75,3.8739014445672644,7,297.0,0.2556110035790512,7,297.0,False,,
2170.0,7,55.0,2.037037037037037,4.903439180564435,7,286.0,0.2921940959078674,7,286.0,False,,
2175.0,7,90.0,3.103448275862069,5.413956866566436,7,261.0,0.30462673387349876,7,261.0,False,,
2180.0,9,131.0,4.225806451612903,6.582489544359905,9,275.0,0.3061773107521669,9,275.0,False,,
2185.0,10,172.0,5.733333333333333,5.243011630417979,10,316.0,0.221705372592786,10,316.0,False,,
2190.0,16,238.0,9.52,2.5826339904010673,16,382.0,0.10706181538467839,16,382.0,False,,
2195.0,20,328.0,14.26086956521739,0.9927343938268371,20,472.0,0.0010830657696969173,20,472.0,False,,
2200.0,15,261.0,10.875,1.811128193842882,15,457.0,0.05288803389461435,15,457.0,False,,
2205.0,12,243.0,10.565217391304348,2.6374180144813812,12,423.0,0.10981828276612687,12,423.0,False,,
2210.0,10,187.0,8.5,2.426604049934786,10,429.0,0.06006166617932282,10,429.0,False,,
2215.0,8,144.0,6.0,4.61721973709351,8,429.0,0.17014173834942234,8,429.0,False,,
2220.0,6,133.0,6.045454545454546,5.805205110762206,6,416.0,0.334599175601396,6,416.0,False,,
2225.0,7,82.0,3.28,6.594671517837721,7,365.0,0.35382087823069824,7,365.0,False,,
2230.0,12,135.0,5.869565217391305,5.09932540234475,12,418.0,0.257077269320696,12,418.0,False,,
2235.0,13,198.0,9.9,3.7966409795480986,13,481.0,0.137394806803386,13,481.0,False,,
2240.0,15,270.0,12.272727272727273,3.2707800578984223,15,553.0,0.1029204314238731,15,553.0,False,,
2245.0,16,350.0,17.5,2.439653312157921,16,633.0,0.10920703875088597,16,633.0,False,,
2250.0,18,433.0,22.789473684210527,0.5627295398565875,18,716.0,0.037462288959856954,18,716.0,False,,
2255.0,18,523.0,26.15,1.4173944213991294,18,806.0,0.09752122102946481,18,806.0,False,,
2260.0,19,614.0,29.238095238095237,0.6366491537650418,19,897.0,0.04403687898847691,19,897.0,False,,
2265.0,20,714.0,31.043478260869566,1.399458524014655,20,997.0,0.09013209905723713,20,997.0,False,,
2270.0,21,817.0,35.52173913043478,1.0519592198895877,21,1100.0,0.06432973086765306,21,1100.0,False,,
2275.0,16,593.0,23.72,1.5913349665842345,16,995.0,0.11144484506421072,16,995.0,False,,
2280.0,12,450.0,16.071428571428573,3.7008742887327264,12,903.0,0.2540416571257562,12,903.0,False,,
2285.0,9,182.0,6.066666666666666,3.5587069386329,9,817.0,0.18985601400608462,9,817.0,False,,
2290.0,11,108.0,3.6,3.962586877598772,11,764.0,0.14491367554020412,11,764.0,False,,
2295.0,13,170.0,6.296296296296297,3.6511167743306774,13,658.0,0.1290855103744361,13,658.0,False,,
2300.0,15,159.0,5.678571428571429,4.286266478157066,15,661.0,0.08227726642658868,15,661.0,False,,
2305.0,16,237.0,9.48,3.325653783495288,16,725.0,0.04892254120545028,16,725.0,False,,
2310.0,11,164.0,7.130434782608695,3.0250401171313572,11,624.0,0.1519378179891042,11,624.0,False,,
2315.0,5,78.0,3.12,5.130477803269295,5,515.0,0.2848924235575969,5,515.0,False,,
2320.0,5,13.0,0.5909090909090909,4.085346833421045,5,420.0,0.22067795036620053,5,420.0,False,,
2325.0,10,53.0,2.12,4.766999973979963,10,421.0,0.18475342630598646,10,421.0,False,,
2330.0,12,106.0,4.818181818181818,3.999617629771228,12,477.0,0.19099123881802896,12,477.0,False,,
2335.0,15,173.0,7.863636363636363,3.4607757782766053,15,541.0,0.062173987947750343,15,541.0,False,,
2340.0,16,249.0,13.833333333333334,0.994131941576044,16,617.0,0.00025178730113747575,16,617.0,False,,
2345.0,16,329.0,18.27777777777778,1.360640420541593,16,697.0,5.935735149231505e-07,16,697.0,False,,
2350.0,16,409.0,24.058823529411764,0.5882352941176471,16,777.0,0.047694225073531375,16,777.0,False,,
2355.0,16,489.0,27.166666666666668,1.2227977307619338,16,857.0,0.09734252957276032,16,857.0,False,,
2360.0,16,569.0,31.61111111111111,0.3631644881407887,16,937.0,0.028412890959508812,16,937.0,False,,
2365.0,18,656.0,36.44444444444444,0.003925586474675439,18,1024.0,0.0003084082062155875,18,1024.0,False,,
2370.0,18,746.0,41.44444444444444,0.0,18,1114.0,0.0,18,1114.0,False,,
2375.0,18,836.0,46.44444444444444,0.0,18,1204.0,0.0,18,1204.0,False,,
2380.0,18,926.0,48.73684210526316,0.6466989182303414,18,1294.0,0.0460143428255957,18,1294.0,False,,
2385.0,18,1016.0,50.8,0.6731403672507094,18,1384.0,0.043662905813812575,18,1384.0,False,,
2390.0,19,1111.0,55.55,0.4775485280419794,19,1479.0,0.030881806032946692,19,1479.0,False,,
2395.0,20,1208.0,52.52173913043478,1.3941991818596515,20,1576.0,0.09622347259662965,20,1576.0,False,,
2400.0,14,815.0,33.958333333333336,1.7913186446819778,14,1408.0,0.11710192004440109,14,1408.0,False,,
2405.0,8,334.0,12.846153846153847,3.3377963909059076,8,1227.0,0.20687417824378931,8,1227.0,False,,
2410.0,10,186.0,6.888888888888889,3.353039999562218,10,1192.0,0.1651707435662955,10,1192.0,False,,
2415.0,17,257.0,8.290322580645162,3.983412109786645,17,1263.0,0.19011799424523917,17,1263.0,False,,
2420.0,14,280.0,9.655172413793103,2.645633874510236,14,1104.0,0.18059348185255383,14,1104.0,False,,
2425.0,12,288.0,9.290322580645162,3.320044077255628,12,945.0,0.18797177433828816,12,945.0,False,,
2430.0,10,315.0,10.5,3.6394599290511773,10,618.0,0.14836584343286977,10,618.0,False,,
2435.0,8,60.0,1.935483870967742,4.293126659779996,8,535.0,0.12625918306518308,8,535.0,False,,
2440.0,10,55.0,1.896551724137931,4.30406013199412,10,465.0,0.15090776654327442,10,465.0,False,,
2445.0,14,116.0,4.833333333333333,3.4738977833814495,14,442.0,0.10570419415327358,14,442.0,False,,
2450.0,14,153.0,5.884615384615385,4.649352028207801,14,493.0,0.14253276581101268,14,493.0,False,,
2455.0,15,225.0,8.653846153846153,4.822916205889438,15,551.0,0.24523237599748762,15,551.0,False,,
2460.0,10,147.0,6.125,3.358212888905912,10,417.0,0.20346908000628688,10,417.0,False,,
2465.0,6,76.0,2.923076923076923,4.206274945068893,6,316.0,0.21741596702611563,6,316.0,False,,
2470.0,9,74.0,3.0833333333333335,2.6416824593379045,9,339.0,0.09228409177287669,9,339.0,False,,
2475.0,14,135.0,5.4,3.1976676428610795,14,400.0,0.06311492059163981,14,400.0,False,,
2480.0,18,216.0,9.818181818181818,2.12366114574214,18,481.0,0.09819798215221107,18,481.0,False,,
2485.0,18,306.0,13.304347826086957,1.9848542700662182,18,571.0,0.06318026804775013,18,571.0,False,,
2490.0,20,404.0,19.238095238095237,0.68973428723857,20,669.0,0.047181896797687015,20,669.0,False,,
2495.0,21,505.0,21.041666666666668,1.4284063929514559,21,770.0,0.10557125631320302,21,770.0,False,,
2500.0,15,421.0,16.84,2.4322046754442668,15,728.0,0.17460332979051388,15,728.0,False,,
2505.0,10,297.0,11.88,2.0924177257913565,10,669.0,0.10099847562199252,10,669.0,False,,
2510.0,9,61.0,2.3461538461538463,2.646696713590614,9,597.0,0.10057488281575802,9,597.0,False,,
2515.0,10,79.0,2.925925925925926,4.2338120836155015,10,529.0,0.15784990695075432,10,529.0,False,,
2520.0,12,138.0,5.75,4.304542271877478,12,521.0,0.17332444024084775,12,521.0,False,,
2525.0,12,161.0,6.44,5.409458759275307,12,544.0,0.14853628873791194,12,544.0,False,,
2530.0,13,224.0,8.615384615384615,5.4952388919223685,13,607.0,0.25065523403835416,13,607.0,False,,
2535.0,8,131.0,6.238095238095238,3.4832408230384053,8,520.0,0.22857858315965116,8,520.0,False,,
2540.0,6,49.0,2.0416666666666665,4.2553887729048805,6,419.0,0.2433921413935146,6,419.0,False,,
2545.0,6,25.0,1.0,4.27845581078067,6,421.0,0.22839458664245546,6,421.0,False,,
2550.0,10,51.0,2.04,3.9998637682192224,10,449.0,0.11423982574097732,10,449.0,False,,
2555.0,13,113.0,4.708333333333333,3.0944848909948663,13,511.0,0.14055232351453942,13,511.0,False,,
2560.0,18,192.0,8.347826086956522,2.669457188072781,18,590.0,0.11141612628953783,18,590.0,False,,
2565.0,14,157.0,6.826086956521739,1.5449455256856617,14,513.0,0.06428425403405451,14,513.0,False,,
2570.0,7,87.0,3.782608695652174,3.108440018752803,7,427.0,0.1777400196471583,7,427.0,False,,
2575.0,7,54.0,2.25,3.186696379665637,7,417.0,0.12817991812869917,7,417.0,False,,
2580.0,11,70.0,2.8,4.290201289594138,11,438.0,0.15034162322810646,11,438.0,False,,
2585.0,13,113.0,5.136363636363637,3.022850258704152,13,481.0,0.12446001692930031,13,481.0,False,,
2590.0,16,189.0,8.590909090909092,3.1646139525117536,16,557.0,0.05663733399720668,16,557.0,False,,
2595.0,17,271.0,15.055555555555555,0.49567515591466027,17,639.0,2.3245630408236825e-05,17,639.0,False,,
2600.0,17,356.0,16.952380952380953,2.252321666250715,17,724.0,0.12809552354900988,17,724.0,False,,
2605.0,17,441.0,22.05,1.3227020740559194,17,809.0,0.0985551855476638,17,809.0,False,,
2610.0,19,531.0,24.136363636363637,1.5145314630808728,19,899.0,0.1186657642750629,19,899.0,False,,
2615.0,20,629.0,28.59090909090909,0.9255386094753368,20,997.0,0.07136119498205384,20,997.0,False,,
2620.0,22,733.0,30.541666666666668,0.9357987007662615,22,1101.0,0.07129725490446243,22,1101.0,False,,
2625.0,16,531.0,22.125,1.4064469321431108,16,1008.0,0.09948235451187402,16,1008.0,False,,
2630.0,9,274.0,10.96,2.3698346857664654,9,876.0,0.1229752332773192,9,876.0,False,,
2635.0,8,79.0,3.0384615384615383,2.6574038160175886,8,821.0,0.10462143851613545,8,821.0,False,,
2640.0,12,106.0,3.6551724137931036,4.594728945380305,12,800.0,0.21098239614339698,12,800.0,False,,
2645.0,8,102.0,3.7777777777777777,3.6813956253704196,8,652.0,0.16563537978152754,8,652.0,False,,
2650.0,8,90.0,3.4615384615384617,4.020069111716998,8,545.0,0.1356951466718165,8,545.0,False,,
2655.0,10,103.0,4.291666666666667,2.9439472004112783,10,513.0,0.13391688230257132,10,513.0,False,,
2660.0,10,125.0,5.0,4.369654529345112,10,539.0,0.18654694010388428,10,539.0,False,,
2665.0,12,181.0,7.24,3.7269758717322827,12,573.0,0.1699308462058406,12,573.0,False,,
2670.0,14,231.0,8.884615384615385,3.992649455711518,14,623.0,0.1885091482985635,14,623.0,False,,
2675.0,18,313.0,12.52,2.9364115206184453,18,705.0,0.08064532409106435,18,705.0,False,,
2680.0,13,247.0,10.291666666666666,2.2975190173122013,13,598.0,0.11652838862947816,13,598.0,False,,
2685.0,6,162.0,6.75,3.7339149691878943,6,507.0,0.17239050587709187,6,507.0,False,,
2690.0,7,137.0,6.2272727272727275,2.4448597619088104,7,513.0,0.06351394524122873,7,513.0,False,,
2695.0,13,173.0,7.208333333333333,3.96331580123017,13,536.0,0.12923311344838748,13,536.0,False,,
2700.0,14,127.0,6.0476190476190474,2.28669835148528,14,498.0,0.10094951017926848,14,498.0,False,,
2705.0,16,202.0,9.181818181818182,2.860562060249546,16,565.0,0.09981595904779028,16,565.0,False,,
2710.0,10,153.0,7.285714285714286,2.404867710406472,10,477.0,0.12373714798951674,10,477.0,False,,
2715.0,6,87.0,4.142857142857143,3.6405745633092286,6,388.0,0.14803809712901167,6,388.0,False,,
2720.0,6,62.0,3.1,2.872684568754434,6,375.0,0.09414890821458917,6,375.0,False,,
2725.0,11,97.0,4.85,3.98942190328557,11,381.0,0.10448746536905293,11,381.0,False,,
2730.0,11,126.0,7.875,1.669772820757947,11,410.0,0.02758802550185109,11,410.0,False,,
2735.0,12,184.0,11.5,2.2529034211859527,12,468.0,2.6987579042841674e-06,12,468.0,False,,
2740.0,6,123.0,8.785714285714286,1.8651412778405956,6,374.0,0.0185243966532894,6,374.0,False,,
2745.0,4,110.0,7.857142857142857,4.286033179855943,4,290.0,0.11028998567065378,4,290.0,False,,
2750.0,5,78.0,6.0,4.123410286233244,5,262.0,0.14460599013811531,5,262.0,False,,
2755.0,5,103.0,7.357142857142857,6.514972423551292,5,260.0,0.2539641304949966,5,260.0,False,,
2760.0,4,50.0,5.0,4.342364310948648,4,207.0,0.1692215333174455,4,207.0,False,,
2765.0,6,76.0,6.909090909090909,5.1335964947181445,6,233.0,0.12223294331829797,6,233.0,False,,
2770.0,6,106.0,13.25,3.09285446766431,6,263.0,0.1408719881190426,6,263.0,False,,
2775.0,6,136.0,15.11111111111111,4.2812758622521745,6,293.0,0.10070049276779132,6,293.0,False,,
2780.0,6,166.0,15.090909090909092,5.5234221368868415,6,323.0,0.3311125643571522,6,323.0,False,,
2785.0,6,196.0,16.333333333333332,5.409375177104372,6,353.0,0.41168389480306766,6,353.0,False,,
2790.0,7,231.0,17.76923076923077,4.971847304189728,7,388.0,0.32837013846502366,7,388.0,False,,
2795.0,8,271.0,20.846153846153847,4.611157696581643,8,428.0,0.23380251705279653,8,428.0,False,,
2800.0,10,316.0,26.333333333333332,1.1541968432071554,10,473.0,0.0010217473137686356,10,473.0,False,,
2805.0,11,371.0,30.916666666666668,0.8903858476832442,11,528.0,0.06527085770904585,11,528.0,False,,
2810.0,6,156.0,11.142857142857142,3.0400770042541287,6,357.0,0.23630518502460715,6,357.0,False,,
2815.0,4,138.0,9.857142857142858,4.1739616060359435,4,266.0,0.2663874031848032,4,266.0,False,,
2820.0,2,5.0,0.35714285714285715,3.655212396687328,2,208.0,0.08337913852335559,2,208.0,False,,
2825.0,5,25.0,1.7857142857142858,5.439829911566819,5,156.0,0.054565793776034016,5,156.0,False,,
2830.0,5,45.0,4.090909090909091,4.593333378607744,5,176.0,0.1518069881109399,5,176.0,False,,
2835.0,5,70.0,6.363636363636363,6.276743216664479,5,201.0,0.1461271608193962,5,201.0,False,,
2840.0,3,33.0,4.714285714285714,1.845619078364874,3,112.0,0.020595268047838004,3,112.0,False,,
2845.0,2,26.0,3.7142857142857144,4.278832805139472,2,78.0,0.12792176078119605,2,78.0,False,,
2850.0,2,5.0,0.5555555555555556,6.428246127936221,2,64.0,0.4699047401933592,2,64.0,False,,
2855.0,2,15.0,1.6666666666666667,8.40799450374414,2,64.0,0.5834392264243494,2,64.0,False,,
2860.0,3,27.0,3.375,6.014360319096079,3,76.0,0.3663067481110857,3,76.0,False,,
2865.0,5,48.0,5.333333333333333,5.743469997211918,5,97.0,0.2466790961675423,5,97.0,False,,
2870.0,3,28.0,4.0,3.31228832364989,3,64.0,0.22185452706298944,3,64.0,False,,
2875.0,4,48.0,6.857142857142857,3.9375212613538317,4,48.0,1.714710155975248e-05,4,48.0,False,,
2880.0,1,19.0,2.7142857142857144,5.984507403929497,1,27.0,0.03833767870830816,1,27.0,False,,
2885.0,1,24.0,4.0,6.516491696142244,1,24.0,0.0,1,24.0,False,,
2890.0,1,29.0,5.8,8.010811223919726,1,29.0,0.0,1,29.0,False,,
2895.0,1,34.0,8.5,9.483889585591916,1,34.0,0.0,1,34.0,False,,
2900.0,1,39.0,19.5,5.489600118831731,1,39.0,0.3823557559759963,1,39.0,False,,
2905.0,1,44.0,11.0,8.869354260342893,1,44.0,0.6678550387321971,1,44.0,False,,
2910.0,0,0.0,0.0,8.410830052837044,0,0.0,0.7885138968189188,0,0.0,False,,
2915.0,1,3.0,0.6,7.00268254346819,1,3.0,0.3783937442222994,1,3.0,False,,
2920.0,2,13.0,2.6,7.347701382386975,2,13.0,0.32064072694784324,2,13.0,False,,
2925.0,2,23.0,3.8333333333333335,5.337786265417573,2,23.0,0.3073727764938534,2,23.0,False,,
2930.0,1,5.0,1.0,6.060514015355281,1,5.0,0.6494726492918173,1,5.0,False,,
2935.0,1,10.0,2.0,7.364915537710578,1,10.0,0.6306061713958253,1,10.0,False,,
2940.0,1,3.0,0.6,5.568153564791227,1,3.0,0.0,1,3.0,False,,
2945.0,1,8.0,1.3333333333333333,8.979566919758254,1,8.0,0.41905707409951926,1,8.0,False,,
2950.0,1,13.0,3.25,8.671716195479286,1,13.0,0.36431642684624704,1,13.0,False,,
2955.0,2,20.0,4.0,7.652337866827279,2,20.0,0.46569895565078945,2,20.0,False,,
2960.0,0,0.0,0.0,6.711867262698384,0,5.0,0.5903971185341114,0,5.0,False,,
2965.0,0,0.0,0.0,7.949516842655574,0,0.0,0.5142561587372079,0,0.0,False,,
2970.0,1,4.0,0.6666666666666666,9.99505590900869,1,4.0,0.6522882679724611,1,4.0,False,,
2975.0,1,9.0,1.8,10.559004441790742,1,9.0,0.49886030423923705,1,9.0,False,,
2980.0,2,15.0,3.75,6.318144260855642,2,15.0,0.25720013618659204,2,15.0,False,,
2985.0,2,25.0,8.333333333333334,4.549287148655827,2,25.0,0.33260858254780273,2,25.0,False,,
2990.0,2,35.0,11.666666666666666,2.3174171054388077,2,35.0,0.16943156002798795,2,35.0,False,,
2995.0,3,49.0,16.333333333333332,5.5954406017932945e-05,3,49.0,4.090952068925319e-06,3,49.0,False,,
3000.0,2,55.0,13.75,3.307173612032784,2,55.0,0.2422176791679448,2,55.0,False,,
3005.0,2,65.0,13.0,6.428809587587603,2,65.0,0.45372539726570676,2,65.0,False,,
3010.0,0,0.0,0.0,6.888142425181134,0,29.0,0.5370351216128706,0,29.0,False,,
3015.0,0,0.0,0.0,8.124353426495167,0,0.0,0.5856603635720102,0,0.0,False,,
3020.0,1,3.0,0.42857142857142855,7.3406444999204945,1,3.0,0.5684993256355474,1,3.0,False,,
3025.0,2,10.0,1.4285714285714286,7.261447430623882,2,10.0,0.31151815600163324,2,10.0,False,,
3030.0,1,13.0,2.1666666666666665,6.705793199991741,1,13.0,0.461716378590077,1,13.0,False,,
3035.0,2,21.0,3.5,7.358081996891648,2,21.0,0.3330205712875573,2,21.0,False,,
3040.0,0,0.0,0.0,7.333516030014278,0,0.0,0.7878419915021425,0,0.0,False,,
3045.0,1,2.0,0.3333333333333333,7.858979691463401,1,2.0,0.5200973427964458,1,2.0,False,,
3050.0,0,0.0,0.0,9.603268338664055,0,0.0,0.9680007379500871,0,0.0,False,,
3055.0,0,0.0,0.0,11.280139563987795,0,0.0,0.8244897266023038,0,0.0,False,,
3060.0,0,0.0,0.0,11.857593806287353,0,0.0,0.9348180990571093,0,0.0,False,,
3065.0,1,2.0,0.2857142857142857,10.44619573798454,1,2.0,0.6496013426842696,1,2.0,False,,
3070.0,2,8.0,1.3333333333333333,6.265515464800072,2,8.0,0.4531616655865199,2,8.0,False,,
3075.0,2,18.0,2.5714285714285716,7.601135359771959,2,18.0,0.5529070936605661,2,18.0,False,,
3080.0,0,0.0,0.0,6.525259619103821,0,0.0,0.5096831723123428,0,0.0,False,,
3085.0,1,4.0,0.5714285714285714,7.723369168123738,1,4.0,0.5591265937842492,1,4.0,False,,
3090.0,1,9.0,1.5,8.501189712280432,1,9.0,0.4807117051800053,1,9.0,False,,
3095.0,1,14.0,2.0,9.522293964456972,1,14.0,0.4273668558339873,1,14.0,False,,
3100.0,1,4.0,0.6666666666666666,8.071841848531962,1,4.0,0.6430640643747101,1,4.0,False,,
3105.0,1,9.0,1.8,7.9516586360965364,1,9.0,0.5995543548453568,1,9.0,False,,
3110.0,0,0.0,0.0,7.001517682357463,0,0.0,0.5411236199350334,0,0.0,False,,
3115.0,1,5.0,0.5555555555555556,9.413727554445874,1,5.0,0.7308656487576115,1,5.0,False,,
3120.0,2,4.0,0.5,7.666384716036081,2,4.0,0.4887535090054802,2,4.0,False,,
3125.0,2,14.0,1.75,7.4363361511493276,2,14.0,0.008124478558683932,2,14.0,False,,
3130.0,2,16.0,3.2,5.145331630227714,2,16.0,5.60991569033225e-06,2,16.0,False,,
3135.0,2,26.0,5.2,6.439589615236036,2,26.0,0.29135742885565963,2,26.0,False,,
3140.0,0,0.0,0.0,6.741738142189771,0,12.0,0.5294675707852734,0,12.0,False,,
3145.0,0,0.0,0.0,7.215950193109186,0,0.0,0.32075745979456827,0,0.0,False,,
3150.0,0,0.0,0.0,8.8842323395004,0,0.0,1.0,0,0.0,False,,
3155.0,0,0.0,0.0,12.613176936305862,0,0.0,1.0,0,0.0,False,,
3160.0,0,0.0,0.0,12.055945446850076,0,0.0,0.7530464706307146,0,0.0,False,,
3165.0,0,0.0,0.0,13.695028616117737,0,0.0,0.9775560155886693,0,0.0,False,,
3170.0,1,1.0,0.3333333333333333,5.774541176286378,1,1.0,0.4500028789472157,1,1.0,False,,
3175.0,0,0.0,0.0,6.248160840017273,0,0.0,0.6703025641651088,0,0.0,False,,
3180.0,1,5.0,0.8333333333333334,8.176725295901079,1,5.0,0.6886409787015402,1,5.0,False,,
3185.0,1,1.0,0.125,8.728861019533436,1,1.0,0.6479066416753576,1,1.0,False,,
3190.0,1,6.0,0.6666666666666666,10.592663148035133,1,6.0,0.7181489425444613,1,6.0,False,,
3195.0,1,11.0,1.8333333333333333,9.366589970057733,1,11.0,0.6377205240926282,1,11.0,False,,
3200.0,1,16.0,2.6666666666666665,10.399817418200751,1,16.0,0.4936832074785168,1,16.0,False,,
3205.0,1,21.0,5.25,9.581438737380028,1,21.0,0.0,1,21.0,False,,
3210.0,1,26.0,8.666666666666666,8.884939914172813,1,26.0,0.4915320447189412,1,26.0,False,,
3215.0,1,31.0,15.5,6.04080517687561,1,31.0,0.4929004202048862,1,31.0,False,,
3220.0,1,36.0,18.0,0.19778566002607167,1,36.0,0.01613835111096465,1,36.0,False,,
3225.0,2,46.0,23.0,0.0,2,46.0,0.0,2,46.0,False,,
3230.0,2,56.0,28.0,0.0,2,56.0,0.0,2,56.0,False,,
3235.0,2,66.0,33.0,0.0,2,66.0,0.0,2,66.0,False,,
3240.0,2,76.0,38.0,0.0,2,76.0,0.0,2,76.0,False,,
3245.0,2,86.0,43.0,0.0,2,86.0,0.0,2,86.0,False,,
3250.0,2,96.0,32.0,4.1310072068978725,2,96.0,0.303849057444206,2,96.0,False,,
3255.0,2,106.0,21.2,7.3016889956391,2,106.0,0.5696630841842708,2,106.0,False,,
3260.0,3,117.0,23.4,4.84582548632239,3,117.0,0.38989423657991396,3,117.0,False,,
3265.0,2,126.0,21.0,3.0773076772360937,2,126.0,0.2345791484559296,2,126.0,False,,
3270.0,3,140.0,23.333333333333332,4.070883456348252,3,140.0,0.2178185239793307,3,140.0,False,,
3275.0,2,146.0,20.857142857142858,6.200184081757277,2,146.0,0.3587797774667636,2,146.0,False,,
3280.0,3,158.0,17.555555555555557,7.664092040545863,3,158.0,0.44694445270679806,3,158.0,False,,
3285.0,3,173.0,24.714285714285715,7.220647987358889,3,173.0,0.3898467759528536,3,173.0,False,,
3290.0,3,188.0,26.857142857142858,4.900477612581122,3,188.0,0.11360879659773701,3,188.0,False,,
3295.0,5,210.0,42.0,0.0002032049338253579,5,210.0,1.5915038549696746e-05,5,210.0,False,,
3300.0,5,235.0,47.0,0.0,5,235.0,0.0,5,235.0,False,,
3305.0,5,260.0,52.0,0.0,5,260.0,0.0,5,260.0,False,,
3310.0,5,285.0,57.0,0.0,5,285.0,0.0,5,285.0,False,,
3315.0,5,310.0,62.0,0.0,5,310.0,0.0,5,310.0,False,,
3320.0,5,335.0,67.0,0.0,5,335.0,0.0,5,335.0,False,,
3325.0,5,360.0,72.0,0.0,5,360.0,0.0,5,360.0,False,,
3330.0,5,385.0,64.16666666666667,2.164063977795498,5,385.0,0.15675398304119073,5,385.0,False,,
3335.0,5,410.0,68.33333333333333,1.3783277606072104,5,410.0,0.09983917695054502,5,410.0,False,,
3340.0,6,438.0,73.0,4.99425062687196e-05,6,438.0,3.617585644883017e-06,6,438.0,False,,
3345.0,6,468.0,78.0,1.731119995463995e-05,6,468.0,1.2539368391855952e-06,6,468.0,False,,
3350.0,6,498.0,83.0,0.0,6,498.0,0.0,6,498.0,False,,
3355.0,6,528.0,75.42857142857143,1.818314501184172,6,528.0,0.12817361639324673,6,528.0,False,,
3360.0,6,558.0,79.71428571428571,0.7931389815703758,6,558.0,0.055908640394236694,6,558.0,False,,
3365.0,7,592.0,84.57142857142857,7.433478863748921e-05,7,592.0,5.239884891909345e-06,7,592.0,False,,
3370.0,7,627.0,89.57142857142857,0.0,7,627.0,0.0,7,627.0,False,,
3375.0,7,662.0,94.57142857142857,0.0,7,662.0,0.0,7,662.0,False,,
3380.0,7,697.0,99.57142857142857,0.0,7,697.0,0.0,7,697.0,False,,
3385.0,7,732.0,104.57142857142857,0.0,7,732.0,0.0,7,732.0,False,,
3390.0,7,767.0,109.57142857142857,0.0,7,767.0,0.0,7,767.0,False,,
3395.0,7,802.0,114.57142857142857,0.0,7,802.0,0.0,7,802.0,False,,
3400.0,7,837.0,104.625,1.3276237983518513,7,837.0,0.10060301609284858,7,837.0,False,,
3405.0,7,872.0,109.0,1.6113396864218918,7,872.0,0.1221020838925828,7,872.0,False,,
3410.0,7,907.0,100.77777777777777,2.125143648122666,7,907.0,0.14100433414025917,7,907.0,False,,
3415.0,8,945.0,105.0,1.4755728752019035,8,945.0,0.09194411676867313,8,945.0,False,,
3420.0,9,987.0,98.7,1.2981294734446167,9,987.0,0.08167075436505529,9,987.0,False,,
3425.0,6,740.0,67.27272727272727,2.457362884745368,6,751.0,0.16228738127633424,6,751.0,False,,
3430.0,6,770.0,64.16666666666667,4.0186087502066465,6,770.0,0.24243962892788826,6,770.0,False,,
3435.0,6,800.0,66.66666666666667,4.699465132813706,6,800.0,0.14014916504414623,6,800.0,False,,
3440.0,7,831.0,69.25,5.011746150375162,7,831.0,4.1704399051323675e-05,7,831.0,False,,
3445.0,7,866.0,96.22222222222223,3.2964526980754685,7,866.0,1.334693044866471e-06,7,866.0,False,,
3450.0,7,901.0,112.625,1.6000844896660094,7,901.0,0.12243564354637612,7,901.0,False,,
3455.0,7,936.0,117.0,1.616741820678548,7,936.0,0.1237102331417736,7,936.0,False,,
3460.0,7,971.0,121.375,1.6295855298411008,7,971.0,0.0,7,971.0,False,,
3465.0,6,959.0,119.875,1.9111598440975324,6,959.0,0.0,6,959.0,False,,
3470.0,6,989.0,141.28571428571428,0.9316004344727844,6,989.0,0.0,6,989.0,False,,
3475.0,2,252.0,28.0,4.445746013413673,2,689.0,0.30671285810503224,2,689.0,False,,
3480.0,0,0.0,0.0,8.106569352887693,0,437.0,0.59880973222108,0,437.0,False,,
3485.0,4,10.0,1.0,6.799425119101978,4,447.0,0.3794327549542999,4,447.0,False,,
3490.0,4,30.0,2.727272727272727,7.179352332937145,4,467.0,0.24804575267867487,4,467.0,False,,
3495.0,6,56.0,7.0,3.4860990994412564,6,493.0,0.1387437656305697,6,493.0,False,,
3500.0,6,86.0,10.75,1.393054209420529,6,523.0,0.10030960625128699,6,523.0,False,,
3505.0,7,121.0,15.125,1.717590293625677,7,558.0,0.12327179471611133,7,558.0,False,,
3510.0,7,156.0,19.5,0.12272469713599027,7,593.0,0.008807975760045694,7,593.0,False,,
3515.0,8,195.0,24.375,0.0004366899620958501,8,632.0,3.134132485601823e-05,8,632.0,False,,
3520.0,8,235.0,26.11111111111111,1.3588548876060587,8,672.0,0.08829420559256734,8,672.0,False,,
3525.0,8,275.0,27.5,1.8275492658051202,8,712.0,0.1209400060364189,8,712.0,False,,
3530.0,9,319.0,31.9,1.453005141810777,9,756.0,0.09737559138538614,9,756.0,False,,
3535.0,9,364.0,36.4,0.09613266882602574,9,801.0,0.0064424958919439695,9,801.0,False,,
3540.0,10,414.0,41.4,0.0,10,851.0,0.0,10,851.0,False,,
3545.0,10,464.0,46.4,0.0,10,901.0,0.0,10,901.0,False,,
3550.0,10,514.0,51.4,0.0,10,951.0,0.0,10,951.0,False,,
3555.0,10,564.0,51.27272727272727,1.0146342411171645,10,1001.0,0.06894150844835639,10,1001.0,False,,
3560.0,10,614.0,55.81818181818182,1.3362021060420606,10,1051.0,0.09079112950197867,10,1051.0,False,,
3565.0,10,664.0,60.36363636363637,0.1417038505967752,10,1101.0,0.00962837327698081,10,1101.0,False,,
3570.0,11,718.0,65.27272727272727,5.440758177963957e-05,11,1155.0,3.6968403064987082e-06,11,1155.0,False,,
3575.0,11,773.0,70.27272727272727,0.0,11,1210.0,0.0,11,1210.0,False,,
3580.0,11,828.0,75.27272727272727,0.0,11,1265.0,0.0,11,1265.0,False,,
3585.0,11,883.0,73.58333333333333,1.115171706265149,11,1320.0,0.07471426737459978,11,1320.0,False,,
3590.0,11,938.0,72.15384615384616,1.7185546015602096,11,1375.0,0.11366155616135604,11,1375.0,False,,
3595.0,12,995.0,76.53846153846153,1.0551941906135875,12,1432.0,0.06879992547825739,12,1432.0,False,,
3600.0,12,1055.0,81.15384615384616,1.1414319827498753,12,1492.0,0.0,12,1492.0,False,,
3605.0,10,982.0,75.53846153846153,1.4234097893005118,10,1429.0,0.007177718973546482,10,1429.0,False,,
3610.0,10,1032.0,86.0,0.9605050284896328,10,1469.0,0.0,10,1469.0,False,,
3615.0,4,357.0,29.75,2.2430665021618457,4,1069.0,0.03032593056675248,4,1069.0,False,,
3620.0,1,54.0,4.5,4.920456171647981,1,689.0,0.16565998838737006,1,689.0,False,,
3625.0,3,8.0,0.7272727272727273,4.522831372269313,3,643.0,0.16864201351683814,3,643.0,False,,
3630.0,5,30.0,2.727272727272727,6.115768359167313,5,665.0,0.16235505178130202,5,665.0,False,,
3635.0,5,55.0,7.857142857142857,3.0456196987222124,5,690.0,0.0,5,690.0,False,,
3640.0,5,80.0,11.428571428571429,3.537716802208183,5,715.0,0.0,5,715.0,False,,
3645.0,5,105.0,15.0,3.107107407392099,5,740.0,0.11123859053586521,5,740.0,False,,
3650.0,5,130.0,21.666666666666668,2.3470687372609973,5,765.0,0.15665077093422378,5,765.0,False,,
3655.0,5,155.0,25.833333333333332,1.5461860622608412,5,790.0,0.1031973349632573,5,790.0,False,,
3660.0,6,182.0,22.75,2.9029267601398265,6,817.0,0.18527741091112881,6,817.0,False,,
3665.0,6,212.0,26.5,3.0854456254798803,6,847.0,0.20107396622881427,6,847.0,False,,
3670.0,6,232.0,29.0,2.1127309023116148,6,867.0,0.14262459012598946,6,867.0,False,,
3675.0,6,262.0,32.75,2.575276999922404,6,897.0,0.0,6,897.0,False,,
3680.0,6,292.0,32.44444444444444,3.764604448262234,6,927.0,0.08361122918874699,6,927.0,False,,
3685.0,6,322.0,40.25,3.4243989017413696,6,957.0,0.11420066888089017,6,957.0,False,,
3690.0,6,352.0,50.285714285714285,2.397621076749654,6,987.0,0.0,6,987.0,False,,
3695.0,6,382.0,54.57142857142857,2.4337409470090807,6,1017.0,0.0,6,1017.0,False,,
3700.0,1,72.0,12.0,1.05756460670748,1,562.0,0.04092002211218898,1,562.0,False,,
3705.0,0,0.0,0.0,4.33079527326833,0,342.0,0.19001962479269474,0,342.0,False,,
3710.0,1,2.0,0.3333333333333333,6.0807986417858375,1,344.0,0.0038232672733206022,1,344.0,False,,
3715.0,2,12.0,2.0,8.5663944128135,2,354.0,3.6524126608181103e-06,2,354.0,False,,
3720.0,2,22.0,11.0,0.0,2,364.0,0.0,2,364.0,False,,
3725.0,2,32.0,16.0,0.0,2,374.0,0.0,2,374.0,False,,
3730.0,2,42.0,14.0,4.096228352980688,2,384.0,0.28368568277319767,2,384.0,False,,
3735.0,2,52.0,17.333333333333332,4.794638373224008,2,394.0,0.3320543054121668,2,394.0,False,,
3740.0,3,64.0,21.333333333333332,0.017601411840821198,3,406.0,0.0012189917420502626,3,406.0,False,,
3745.0,3,79.0,26.333333333333332,0.0,3,421.0,0.0,3,421.0,False,,
3750.0,3,94.0,31.333333333333332,0.0,3,436.0,0.0,3,436.0,False,,
3755.0,3,109.0,36.333333333333336,0.0,3,451.0,0.0,3,451.0,False,,
3760.0,3,124.0,41.333333333333336,0.0,3,466.0,0.0,3,466.0,False,,
3765.0,3,139.0,46.333333333333336,0.0,3,481.0,0.0,3,481.0,False,,
3770.0,3,154.0,51.333333333333336,0.0,3,496.0,0.0,3,496.0,False,,
3775.0,3,169.0,56.333333333333336,0.0,3,511.0,0.0,3,511.0,False,,
3780.0,3,184.0,61.333333333333336,0.0,3,526.0,0.0,3,526.0,False,,
3785.0,3,199.0,66.33333333333333,0.0,3,541.0,0.0,3,541.0,False,,
3790.0,3,214.0,71.33333333333333,0.0,3,556.0,0.0,3,556.0,False,,
3795.0,3,229.0,76.33333333333333,0.0,3,571.0,0.0,3,571.0,False,,
3800.0,3,244.0,81.33333333333333,0.0,3,586.0,0.0,3,586.0,False,,
3805.0,3,259.0,86.33333333333333,0.0,3,601.0,0.0,3,601.0,False,,
3810.0,3,274.0,91.33333333333333,0.0,3,616.0,0.0,3,616.0,False,,
3815.0,3,289.0,96.33333333333333,0.0,3,631.0,0.0,3,631.0,False,,
3820.0,3,304.0,101.33333333333333,0.0,3,646.0,0.0,3,646.0,False,,
3825.0,3,319.0,106.33333333333333,0.0,3,661.0,0.0,3,661.0,False,,
3830.0,3,334.0,111.33333333333333,0.0,3,676.0,0.0,3,676.0,False,,
3835.0,3,349.0,116.33333333333333,0.0,3,691.0,0.0,3,691.0,False,,
3840.0,3,364.0,121.33333333333333,0.0,3,706.0,0.0,3,706.0,False,,
3845.0,3,379.0,126.33333333333333,0.0,3,721.0,0.0,3,721.0,False,,
3850.0,3,394.0,131.33333333333334,0.0,3,736.0,0.0,3,736.0,False,,
3855.0,3,409.0,136.33333333333334,0.0,3,751.0,0.0,3,751.0,False,,
3860.0,3,424.0,106.0,3.278574820898939,3,766.0,0.21689075140322098,3,766.0,False,,
3865.0,3,439.0,109.75,3.6919203183299394,3,781.0,0.24423519843413147,3,781.0,False,,
3870.0,3,454.0,113.5,3.749641161508625,3,796.0,0.0,3,796.0,False,,
3875.0,3,469.0,117.25,3.7349804017960557,3,811.0,0.0,3,811.0,False,,
3880.0,3,484.0,161.33333333333334,0.0,3,826.0,0.0,3,826.0,False,,
3885.0,3,499.0,166.33333333333334,0.0,3,841.0,0.0,3,841.0,False,,
3890.0,3,514.0,128.5,3.271969243272906,3,856.0,0.2417267105556151,3,856.0,False,,
3895.0,3,529.0,105.8,4.8974222152280955,3,871.0,0.3643586081929693,3,871.0,False,,
3900.0,3,544.0,90.66666666666667,6.2864777415748945,3,886.0,0.3694995532293593,3,886.0,False,,
3905.0,3,559.0,93.16666666666667,6.516772088964775,3,901.0,0.2477176871390346,3,901.0,False,,
3910.0,3,574.0,114.8,3.3744677026469048,3,916.0,0.06670623558176536,3,916.0,False,,
3915.0,4,594.0,118.8,2.5986966083773373,4,936.0,0.0,4,936.0,False,,
3920.0,4,614.0,153.5,0.0,4,956.0,0.0,4,956.0,False,,
3925.0,4,634.0,158.5,0.0,4,976.0,0.0,4,976.0,False,,
3930.0,4,654.0,163.5,0.0,4,996.0,0.0,4,996.0,False,,
3935.0,4,674.0,134.8,2.600415856204927,4,1016.0,0.17971208206034092,4,1016.0,False,,
3940.0,4,694.0,138.8,2.860668886354677,4,1036.0,0.19769790298168455,4,1036.0,False,,
3945.0,5,716.0,143.2,0.0024095553328383457,5,1058.0,0.00016652190635998494,5,1058.0,False,,
3950.0,5,741.0,148.2,0.0,5,1083.0,0.0,5,1083.0,False,,
3955.0,5,766.0,153.2,0.0,5,1108.0,0.0,5,1108.0,False,,
3960.0,5,791.0,158.2,0.0,5,1133.0,0.0,5,1133.0,False,,
3965.0,5,816.0,163.2,0.0,5,1158.0,0.0,5,1158.0,False,,
3970.0,5,841.0,168.2,0.0,5,1183.0,0.0,5,1183.0,False,,
3975.0,5,866.0,173.2,0.0,5,1208.0,0.0,5,1208.0,False,,
3980.0,4,854.0,170.8,0.47958925685379655,4,1196.0,0.0,4,1196.0,False,,
3985.0,4,874.0,174.8,1.1900269923731686,4,1216.0,0.0,4,1216.0,False,,
3990.0,4,894.0,178.8,2.0155380952637643,4,1236.0,0.0,4,1236.0,False,,
3995.0,4,914.0,182.8,2.7758197610499336,4,1256.0,0.0,4,1256.0,False,,
4000.0,4,934.0,233.5,0.0,4,1276.0,0.0,4,1276.0,False,,
4005.0,4,954.0,238.5,0.0,4,1296.0,0.0,4,1296.0,False,,
4010.0,4,974.0,243.5,0.0,4,1316.0,0.0,4,1316.0,False,,
4015.0,4,994.0,248.5,0.0,4,1336.0,0.0,4,1336.0,False,,
4020.0,4,1014.0,253.5,0.0,4,1356.0,0.0,4,1356.0,False,,
4025.0,4,1034.0,258.5,0.0,4,1376.0,0.0,4,1376.0,False,,
4030.0,4,1054.0,263.5,0.0,4,1396.0,0.0,4,1396.0,False,,
4035.0,4,1074.0,268.5,0.0,4,1416.0,0.0,4,1416.0,False,,
4040.0,4,1094.0,218.8,2.0,4,1436.0,0.13245410299763502,4,1436.0,False,,
4045.0,4,1114.0,222.8,2.7106369693996384,4,1456.0,0.17951749416702847,4,1456.0,False,,
4050.0,4,1134.0,226.8,2.954332325009756,4,1476.0,0.19565671903304238,4,1476.0,False,,
4055.0,4,1154.0,230.8,2.9831237533205526,4,1496.0,0.0,4,1496.0,False,,
4060.0,4,1174.0,234.8,3.005349745446012,4,1516.0,0.0,4,1516.0,False,,
4065.0,4,1194.0,298.5,0.0,4,1536.0,0.0,4,1536.0,False,,
4070.0,4,1214.0,303.5,0.0,4,1556.0,0.0,4,1556.0,False,,
4075.0,4,1234.0,308.5,0.0,4,1576.0,0.0,4,1576.0,False,,
4080.0,4,1254.0,250.8,2.0,4,1596.0,0.14294147832935716,4,1596.0,False,,
4085.0,4,1274.0,254.8,2.7626711214194075,4,1616.0,0.19745014711675657,4,1616.0,False,,
4090.0,4,1294.0,258.8,2.7689018865178823,4,1636.0,0.19789546450390605,4,1636.0,False,,
4095.0,4,1314.0,262.8,2.7378517597976626,4,1656.0,0.0,4,1656.0,False,,
4100.0,4,1334.0,266.8,2.7148929414169416,4,1676.0,0.0,4,1676.0,False,,
4105.0,4,1354.0,338.5,0.0,4,1696.0,0.0,4,1696.0,False,,
4110.0,4,1374.0,343.5,0.0,4,1716.0,0.0,4,1716.0,False,,
4115.0,4,1394.0,348.5,0.0,4,1736.0,0.0,4,1736.0,False,,
4120.0,4,1414.0,353.5,0.0,4,1756.0,0.0,4,1756.0,False,,
4125.0,4,1434.0,358.5,0.0,4,1776.0,0.0,4,1776.0,False,,
4130.0,4,1454.0,363.5,0.0,4,1796.0,0.0,4,1796.0,False,,
4135.0,4,1474.0,368.5,0.0,4,1816.0,0.0,4,1816.0,False,,
4140.0,4,1494.0,373.5,0.0,4,1836.0,0.0,4,1836.0,False,,
4145.0,4,1514.0,378.5,0.0,4,1856.0,0.0,4,1856.0,False,,
4150.0,4,1534.0,383.5,0.0,4,1876.0,0.0,4,1876.0,False,,
4155.0,4,1554.0,388.5,0.0,4,1896.0,0.0,4,1896.0,False,,
4160.0,4,1574.0,393.5,0.0,4,1916.0,0.0,4,1916.0,False,,
4165.0,4,1594.0,398.5,0.0,4,1936.0,0.0,4,1936.0,False,,
4170.0,4,1614.0,403.5,0.0,4,1956.0,0.0,4,1956.0,False,,
4175.0,4,1634.0,408.5,0.0,4,1976.0,0.0,4,1976.0,False,,
4180.0,4,1654.0,413.5,0.0,4,1996.0,0.0,4,1996.0,False,,
4185.0,4,1674.0,418.5,0.0,4,2016.0,0.0,4,2016.0,False,,
4190.0,4,1694.0,423.5,0.0,4,2036.0,0.0,4,2036.0,False,,
4195.0,4,1714.0,428.5,0.0,4,2056.0,0.0,4,2056.0,False,,
4200.0,4,1734.0,433.5,0.0,4,2076.0,0.0,4,2076.0,False,,
4205.0,4,1754.0,438.5,0.0,4,2096.0,0.0,4,2096.0,False,,
4210.0,4,1774.0,443.5,0.0,4,2116.0,0.0,4,2116.0,False,,
4215.0,4,1794.0,448.5,0.0,4,2136.0,0.0,4,2136.0,False,,
4220.0,4,1814.0,453.5,0.0,4,2156.0,0.0,4,2156.0,False,,
4225.0,4,1834.0,458.5,0.0,4,2176.0,0.0,4,2176.0,False,,
4230.0,4,1854.0,463.5,0.0,4,2196.0,0.0,4,2196.0,False,,
4235.0,4,1874.0,468.5,0.0,4,2216.0,0.0,4,2216.0,False,,
4240.0,4,1894.0,473.5,0.0,4,2236.0,0.0,4,2236.0,False,,
4245.0,4,1914.0,478.5,0.0,4,2256.0,0.0,4,2256.0,False,,
4250.0,0,0.0,0.0,1.5435787175181186,0,1212.0,0.05523694019137729,0,1212.0,False,,
4255.0,0,0.0,0.0,5.3384313978572955,0,511.0,0.2839098513901207,0,511.0,False,,
4260.0,1,3.0,0.75,7.258013371932812,1,514.0,3.5186903022963485e-05,1,514.0,False,,
4265.0,1,8.0,2.0,9.839160979091996,1,519.0,0.0,1,519.0,False,,
4270.0,1,13.0,13.0,0.0,1,524.0,0.0,1,524.0,False,,
4275.0,1,18.0,18.0,0.0,1,529.0,0.0,1,529.0,False,,
4280.0,1,23.0,23.0,0.0,1,534.0,0.0,1,534.0,False,,
4285.0,1,28.0,28.0,0.0,1,539.0,0.0,1,539.0,False,,
4290.0,1,33.0,33.0,0.0,1,544.0,0.0,1,544.0,False,,
4295.0,1,38.0,38.0,0.0,1,549.0,0.0,1,549.0,False,,
4300.0,1,43.0,43.0,0.0,1,554.0,0.0,1,554.0,False,,
4305.0,1,48.0,48.0,0.0,1,559.0,0.0,1,559.0,False,,
4310.0,0,0.0,0.0,2.3172322928439826,0,0.0,1.0,0,0.0,False,,
4315.0,0,0.0,0.0,5.329379838542081,0,0.0,1.0,0,0.0,False,,
4320.0,0,0.0,0.0,8.705822412273847,0,0.0,1.0,0,0.0,False,,
4325.0,0,0.0,0.0,12.660767441499047,0,0.0,1.0,0,0.0,False,,
4330.0,0,0.0,0.0,0.0,0,0.0,1.0,0,0.0,False,,
4335.0,0,0.0,0.0,0.0,0,0.0,1.0,0,0.0,False,,
4340.0,0,0.0,0.0,0.0,0,0.0,1.0,0,0.0,False,,
4345.0,0,0.0,0.0,0.0,0,0.0,1.0,0,0.0,False,,
4350.0,0,0.0,0.0,0.0,0,0.0,1.0,0,0.0,False,,
4355.0,0,0.0,0.0,0.0,0,0.0,1.0,0,0.0,False,,
4360.0,0,0.0,0.0,0.0,0,0.0,1.0,0,0.0,False,,
4365.0,0,0.0,0.0,0.0,0,0.0,1.0,0,0.0,False,,
4370.0,0,0.0,0.0,0.0,0,0.0,1.0,0,0.0,False,,
4375.0,0,0.0,0.0,10.716814421815798,0,0.0,0.7713023642417972,0,0.0,False,,
4380.0,0,0.0,0.0,13.524320738561043,0,0.0,0.9733620598283228,0,0.0,False,,
4385.0,0,0.0,0.0,13.438671590349228,0,0.0,1.0,0,0.0,False,,
4390.0,0,0.0,0.0,13.807105208335967,0,0.0,1.0,0,0.0,False,,
4395.0,0,0.0,0.0,13.400567784261481,0,0.0,1.0,0,0.0,False,,
4400.0,0,0.0,0.0,0.0,0,0.0,1.0,0,0.0,False,,
4405.0,0,0.0,0.0,0.0,0,0.0,1.0,0,0.0,False,,
4410.0,0,0.0,0.0,0.0,0,0.0,1.0,0,0.0,False,,
4415.0,0,0.0,0.0,0.0,0,0.0,1.0,0,0.0,False,,
4420.0,0,0.0,0.0,0.0,0,0.0,1.0,0,0.0,False,,
4425.0,0,0.0,0.0,0.0,0,0.0,1.0,0,0.0,False,,
4430.0,0,0.0,0.0,0.0,0,0.0,1.0,0,0.0,False,,
4435.0,0,0.0,0.0,0.0,0,0.0,1.0,0,0.0,False,,
4440.0,0,0.0,0.0,0.0,0,0.0,1.0,0,0.0,False,,
4445.0,0,0.0,0.0,0.0,0,0.0,1.0,0,0.0,False,,
4450.0,0,0.0,0.0,0.0,0,0.0,1.0,0,0.0,False,,
4455.0,0,0.0,0.0,0.0,0,0.0,1.0,0,0.0,False,,
4460.0,0,0.0,0.0,0.0,0,0.0,1.0,0,0.0,False,,
4465.0,0,0.0,0.0,0.0,0,0.0,1.0,0,0.0,False,,
4470.0,0,0.0,0.0,0.0,0,0.0,1.0,0,0.0,False,,
4475.0,0,0.0,0.0,0.0,0,0.0,1.0,0,0.0,False,,
4480.0,0,0.0,0.0,0.0,0,0.0,1.0,0,0.0,False,,
4485.0,0,0.0,0.0,0.0,0,0.0,1.0,0,0.0,False,,
4490.0,0,0.0,0.0,0.0,0,0.0,1.0,0,0.0,False,,
4495.0,0,0.0,0.0,0.0,0,0.0,1.0,0,0.0,False,,
4500.0,0,0.0,0.0,0.0,0,0.0,1.0,0,0.0,False,,
4505.0,0,0.0,0.0,0.0,0,0.0,1.0,0,0.0,False,,
4510.0,0,0.0,0.0,0.0,0,0.0,1.0,0,0.0,False,,
4515.0,0,0.0,0.0,0.0,0,0.0,1.0,0,0.0,False,,
4520.0,0,0.0,0.0,0.0,0,0.0,1.0,0,0.0,False,,
4525.0,0,0.0,0.0,0.0,0,0.0,1.0,0,0.0,False,,
4530.0,0,0.0,0.0,0.0,0,0.0,1.0,0,0.0,False,,
4535.0,0,0.0,0.0,0.0,0,0.0,1.0,0,0.0,False,,
4540.0,0,0.0,0.0,0.0,0,0.0,1.0,0,0.0,False,,
4545.0,0,0.0,0.0,0.0,0,0.0,1.0,0,0.0,False,,
4550.0,0,0.0,0.0,0.0,0,0.0,1.0,0,0.0,False,,
4555.0,0,0.0,0.0,0.0,0,0.0,1.0,0,0.0,False,,
4560.0,0,0.0,0.0,0.0,0,0.0,1.0,0,0.0,False,,
4565.0,0,0.0,0.0,0.0,0,0.0,1.0,0,0.0,False,,
4570.0,0,0.0,0.0,0.0,0,0.0,1.0,0,0.0,False,,
4575.0,0,0.0,0.0,0.0,0,0.0,1.0,0,0.0,False,,
4580.0,0,0.0,0.0,0.0,0,0.0,1.0,0,0.0,False,,
4585.0,0,0.0,0.0,0.0,0,0.0,1.0,0,0.0,False,,
4590.0,0,0.0,0.0,0.0,0,0.0,1.0,0,0.0,False,,
4595.0,0,0.0,0.0,0.0,0,0.0,1.0,0,0.0,False,,
4600.0,0,0.0,0.0,0.0,0,0.0,1.0,0,0.0,False,,
4605.0,0,0.0,0.0,0.0,0,0.0,1.0,0,0.0,False,,
4610.0,0,0.0,0.0,0.0,0,0.0,1.0,0,0.0,False,,
4615.0,0,0.0,0.0,0.0,0,0.0,1.0,0,0.0,False,,
4620.0,0,0.0,0.0,0.0,0,0.0,1.0,0,0.0,False,,
4625.0,0,0.0,0.0,0.0,0,0.0,1.0,0,0.0,False,,
4630.0,0,0.0,0.0,0.0,0,0.0,1.0,0,0.0,False,,
4635.0,0,0.0,0.0,0.0,0,0.0,1.0,0,0.0,False,,
4640.0,0,0.0,0.0,0.0,0,0.0,1.0,0,0.0,False,,
4645.0,0,0.0,0.0,0.0,0,0.0,1.0,0,0.0,False,,
4650.0,0,0.0,0.0,0.0,0,0.0,1.0,0,0.0,False,,
4655.0,0,0.0,0.0,0.0,0,0.0,1.0,0,0.0,False,,
4660.0,0,0.0,0.0,0.0,0,0.0,1.0,0,0.0,False,,
4665.0,0,0.0,0.0,0.0,0,0.0,1.0,0,0.0,False,,
4670.0,0,0.0,0.0,0.0,0,0.0,1.0,0,0.0,False,,
4675.0,0,0.0,0.0,0.0,0,0.0,1.0,0,0.0,False,,
4680.0,0,0.0,0.0,0.0,0,0.0,1.0,0,0.0,False,,
4685.0,0,0.0,0.0,0.0,0,0.0,1.0,0,0.0,False,,
4690.0,0,0.0,0.0,0.0,0,0.0,1.0,0,0.0,False,,
4695.0,0,0.0,0.0,0.0,0,0.0,1.0,0,0.0,False,,
4700.0,0,0.0,0.0,0.0,0,0.0,1.0,0,0.0,False,,
4705.0,0,0.0,0.0,0.0,0,0.0,1.0,0,0.0,False,,
4710.0,0,0.0,0.0,0.0,0,0.0,1.0,0,0.0,False,,
4715.0,0,0.0,0.0,0.0,0,0.0,1.0,0,0.0,False,,
4720.0,0,0.0,0.0,0.0,0,0.0,1.0,0,0.0,False,,
4725.0,0,0.0,0.0,0.0,0,0.0,1.0,0,0.0,False,,
4730.0,0,0.0,0.0,0.0,0,0.0,1.0,0,0.0,False,,
4735.0,0,0.0,0.0,0.0,0,0.0,1.0,0,0.0,False,,
4740.0,0,0.0,0.0,0.0,0,0.0,1.0,0,0.0,False,,
4745.0,0,0.0,0.0,0.0,0,0.0,1.0,0,0.0,False,,
4750.0,0,0.0,0.0,0.0,0,0.0,1.0,0,0.0,False,,
4755.0,0,0.0,0.0,0.0,0,0.0,1.0,0,0.0,False,,
4760.0,0,0.0,0.0,0.0,0,0.0,1.0,0,0.0,False,,
4765.0,0,0.0,0.0,0.0,0,0.0,1.0,0,0.0,False,,
4770.0,0,0.0,0.0,0.0,0,0.0,1.0,0,0.0,False,,
4775.0,0,0.0,0.0,0.0,0,0.0,1.0,0,0.0,False,,
4780.0,0,0.0,0.0,0.0,0,0.0,1.0,0,0.0,False,,
4785.0,0,0.0,0.0,0.0,0,0.0,1.0,0,0.0,False,,
4790.0,0,0.0,0.0,0.0,0,0.0,1.0,0,0.0,False,,
4795.0,0,0.0,0.0,0.0,0,0.0,1.0,0,0.0,False,,
4800.0,0,0.0,0.0,0.0,0,0.0,1.0,0,0.0,False,,
4805.0,0,0.0,0.0,0.0,0,0.0,1.0,0,0.0,False,,
4810.0,0,0.0,0.0,0.0,0,0.0,1.0,0,0.0,False,,
4815.0,0,0.0,0.0,0.0,0,0.0,1.0,0,0.0,False,,
4820.0,0,0.0,0.0,0.0,0,0.0,1.0,0,0.0,False,,
4825.0,0,0.0,0.0,0.0,0,0.0,1.0,0,0.0,False,,
4830.0,0,0.0,0.0,0.0,0,0.0,1.0,0,0.0,False,,
4835.0,0,0.0,0.0,0.0,0,0.0,1.0,0,0.0,False,,
4840.0,0,0.0,0.0,0.0,0,0.0,1.0,0,0.0,False,,
4845.0,0,0.0,0.0,0.0,0,0.0,1.0,0,0.0,False,,
4850.0,0,0.0,0.0,0.0,0,0.0,1.0,0,0.0,False,,
4855.0,0,0.0,0.0,0.0,0,0.0,1.0,0,0.0,False,,
4860.0,0,0.0,0.0,0.0,0,0.0,1.0,0,0.0,False,,
4865.0,0,0.0,0.0,0.0,0,0.0,1.0,0,0.0,False,,
4870.0,0,0.0,0.0,0.0,0,0.0,1.0,0,0.0,False,,
4875.0,0,0.0,0.0,0.0,0,0.0,1.0,0,0.0,False,,
4880.0,0,0.0,0.0,0.0,0,0.0,1.0,0,0.0,False,,
4885.0,0,0.0,0.0,10.82274208695162,0,0.0,0.8826828461961376,0,0.0,False,,
4890.0,0,0.0,0.0,12.227308608019316,0,0.0,0.9972366962765697,0,0.0,False,,
4895.0,0,0.0,0.0,11.956529897880332,0,0.0,0.975152485026358,0,0.0,False,,
4900.0,0,0.0,0.0,11.796187019800358,0,0.0,1.0,0,0.0,False,,
4905.0,0,0.0,0.0,11.988768283869662,0,0.0,1.0,0,0.0,False,,
4910.0,0,0.0,0.0,0.0,0,0.0,1.0,0,0.0,False,,
4915.0,0,0.0,0.0,0.0,0,0.0,1.0,0,0.0,False,,
4920.0,0,0.0,0.0,0.0,0,0.0,1.0,0,0.0,False,,
4925.0,0,0.0,0.0,0.0,0,0.0,1.0,0,0.0,False,,
4930.0,0,0.0,0.0,0.0,0,0.0,1.0,0,0.0,False,,
4935.0,0,0.0,0.0,0.0,0,0.0,1.0,0,0.0,False,,
4940.0,0,0.0,0.0,0.0,0,0.0,1.0,0,0.0,False,,
4945.0,0,0.0,0.0,0.0,0,0.0,1.0,0,0.0,False,,
4950.0,0,0.0,0.0,0.0,0,0.0,1.0,0,0.0,False,,
4955.0,0,0.0,0.0,0.0,0,0.0,1.0,0,0.0,False,,
4960.0,0,0.0,0.0,0.0,0,0.0,1.0,0,0.0,False,,
4965.0,0,0.0,0.0,0.0,0,0.0,1.0,0,0.0,False,,
4970.0,0,0.0,0.0,0.0,0,0.0,1.0,0,0.0,False,,
4975.0,0,0.0,0.0,0.0,0,0.0,1.0,0,0.0,False,,
4980.0,0,0.0,0.0,0.0,0,0.0,1.0,0,0.0,False,,
4985.0,0,0.0,0.0,0.0,0,0.0,1.0,0,0.0,False,,
4990.0,0,0.0,0.0,0.0,0,0.0,1.0,0,0.0,False,,
4995.0,0,0.0,0.0,0.0,0,0.0,1.0,0,0.0,False,,
5000.0,0,0.0,0.0,0.0,0,0.0,1.0,0,0.0,False,,
5005.0,0,0.0,0.0,0.0,0,0.0,1.0,0,0.0,False,,
5010.0,0,0.0,0.0,0.0,0,0.0,1.0,0,0.0,False,,
5015.0,0,0.0,0.0,0.0,0,0.0,1.0,0,0.0,False,,
5020.0,0,0.0,0.0,0.0,0,0.0,1.0,0,0.0,False,,
5025.0,0,0.0,0.0,0.0,0,0.0,1.0,0,0.0,False,,
5030.0,0,0.0,0.0,0.0,0,0.0,1.0,0,0.0,False,,
5035.0,0,0.0,0.0,0.0,0,0.0,1.0,0,0.0,False,,
5040.0,0,0.0,0.0,0.0,0,0.0,1.0,0,0.0,False,,
5045.0,0,0.0,0.0,0.0,0,0.0,1.0,0,0.0,False,,
5050.0,0,0.0,0.0,0.0,0,0.0,1.0,0,0.0,False,,
5055.0,0,0.0,0.0,0.0,0,0.0,1.0,0,0.0,False,,
5060.0,0,0.0,0.0,0.0,0,0.0,1.0,0,0.0,False,,
5065.0,0,0.0,0.0,0.0,0,0.0,1.0,0,0.0,False,,
5070.0,0,0.0,0.0,0.0,0,0.0,1.0,0,0.0,False,,
5075.0,0,0.0,0.0,0.0,0,0.0,1.0,0,0.0,False,,
5080.0,0,0.0,0.0,0.0,0,0.0,1.0,0,0.0,False,,
5085.0,0,0.0,0.0,0.0,0,0.0,1.0,0,0.0,False,,
5090.0,0,0.0,0.0,0.0,0,0.0,1.0,0,0.0,False,,
5095.0,0,0.0,0.0,0.0,0,0.0,1.0,0,0.0,False,,
5100.0,0,0.0,0.0,0.0,0,0.0,1.0,0,0.0,False,,
5105.0,0,0.0,0.0,0.0,0,0.0,1.0,0,0.0,False,,
5110.0,0,0.0,0.0,0.0,0,0.0,1.0,0,0.0,False,,
5115.0,0,0.0,0.0,0.0,0,0.0,1.0,0,0.0,False,,
5120.0,0,0.0,0.0,0.0,0,0.0,1.0,0,0.0,False,,
5125.0,0,0.0,0.0,0.0,0,0.0,1.0,0,0.0,False,,
5130.0,0,0.0,0.0,0.0,0,0.0,1.0,0,0.0,False,,
5135.0,0,0.0,0.0,0.0,0,0.0,1.0,0,0.0,False,,
5140.0,0,0.0,0.0,0.0,0,0.0,1.0,0,0.0,False,,
5145.0,0,0.0,0.0,0.0,0,0.0,1.0,0,0.0,False,,
5150.0,0,0.0,0.0,0.0,0,0.0,1.0,0,0.0,False,,
5155.0,0,0.0,0.0,0.0,0,0.0,1.0,0,0.0,False,,
5160.0,0,0.0,0.0,0.0,0,0.0,1.0,0,0.0,False,,
5165.0,0,0.0,0.0,0.0,0,0.0,1.0,0,0.0,False,,
5170.0,0,0.0,0.0,0.0,0,0.0,1.0,0,0.0,False,,
5175.0,0,0.0,0.0,0.0,0,0.0,1.0,0,0.0,False,,
5180.0,0,0.0,0.0,0.0,0,0.0,1.0,0,0.0,False,,
5185.0,0,0.0,0.0,0.0,0,0.0,1.0,0,0.0,False,,
5190.0,0,0.0,0.0,0.0,0,0.0,1.0,0,0.0,False,,
5195.0,0,0.0,0.0,0.0,0,0.0,1.0,0,0.0,False,,
5200.0,0,0.0,0.0,0.0,0,0.0,1.0,0,0.0,False,,
5205.0,0,0.0,0.0,0.0,0,0.0,1.0,0,0.0,False,,
5210.0,0,0.0,0.0,0.0,0,0.0,1.0,0,0.0,False,,
5215.0,0,0.0,0.0,0.0,0,0.0,1.0,0,0.0,False,,
5220.0,0,0.0,0.0,0.0,0,0.0,1.0,0,0.0,False,,
5225.0,0,0.0,0.0,0.0,0,0.0,1.0,0,0.0,False,,
5230.0,0,0.0,0.0,0.0,0,0.0,1.0,0,0.0,False,,
5235.0,0,0.0,0.0,0.0,0,0.0,1.0,0,0.0,False,,
5240.0,0,0.0,0.0,0.0,0,0.0,1.0,0,0.0,False,,
5245.0,0,0.0,0.0,0.0,0,0.0,1.0,0,0.0,False,,
5250.0,0,0.0,0.0,0.0,0,0.0,1.0,0,0.0,False,,
5255.0,0,0.0,0.0,0.0,0,0.0,1.0,0,0.0,False,,
5260.0,0,0.0,0.0,0.0,0,0.0,1.0,0,0.0,False,,
5265.0,0,0.0,0.0,0.0,0,0.0,1.0,0,0.0,False,,
5270.0,0,0.0,0.0,0.0,0,0.0,1.0,0,0.0,False,,
5275.0,0,0.0,0.0,0.0,0,0.0,1.0,0,0.0,False,,
5280.0,0,0.0,0.0,0.0,0,0.0,1.0,0,0.0,False,,
5285.0,0,0.0,0.0,0.0,0,0.0,1.0,0,0.0,False,,
5290.0,0,0.0,0.0,0.0,0,0.0,1.0,0,0.0,False,,
5295.0,0,0.0,0.0,0.0,0,0.0,1.0,0,0.0,False,,
5300.0,0,0.0,0.0,0.0,0,0.0,1.0,0,0.0,False,,
5305.0,0,0.0,0.0,0.0,0,0.0,1.0,0,0.0,False,,
5310.0,0,0.0,0.0,0.0,0,0.0,1.0,0,0.0,False,,
5315.0,0,0.0,0.0,0.0,0,0.0,1.0,0,0.0,False,,
5320.0,0,0.0,0.0,0.0,0,0.0,1.0,0,0.0,False,,
5325.0,0,0.0,0.0,0.0,0,0.0,1.0,0,0.0,False,,
5330.0,0,0.0,0.0,0.0,0,0.0,1.0,0,0.0,False,,
5335.0,0,0.0,0.0,0.0,0,0.0,1.0,0,0.0,False,,
5340.0,0,0.0,0.0,0.0,0,0.0,1.0,0,0.0,False,,
5345.0,0,0.0,0.0,0.0,0,0.0,1.0,0,0.0,False,,
5350.0,0,0.0,0.0,0.0,0,0.0,1.0,0,0.0,False,,
5355.0,0,0.0,0.0,0.0,0,0.0,1.0,0,0.0,False,,
5360.0,0,0.0,0.0,0.0,0,0.0,1.0,0,0.0,False,,
5365.0,0,0.0,0.0,0.0,0,0.0,1.0,0,0.0,False,,
5370.0,0,0.0,0.0,0.0,0,0.0,1.0,0,0.0,False,,
5375.0,0,0.0,0.0,0.0,0,0.0,1.0,0,0.0,False,,
5380.0,0,0.0,0.0,0.0,0,0.0,1.0,0,0.0,False,,
5385.0,0,0.0,0.0,0.0,0,0.0,1.0,0,0.0,False,,
5390.0,0,0.0,0.0,0.0,0,0.0,1.0,0,0.0,False,,
5395.0,0,0.0,0.0,0.0,0,0.0,1.0,0,0.0,False,,
5400.0,0,0.0,0.0,0.0,0,0.0,1.0,0,0.0,True,"{'r': 0.0, 'l': 1080, 't': 11.449505}",[1. 0. 0. 0. 1. 0. 0. 0. 0. 0. 0. 0. 0. 0. 0. 0. 0. 0. 0. 0. 0.]
